,date,id,owner_id,from_id,text,comments,likes,reposts,views
0,2022-08-11 14:00:00,1336915,-52642163,-52642163,"–†–æ—Å—Å–∏–π—Å–∫–∏–µ —Ç—É—Ä–∏—Å—Ç—ã —Å–∫—É–ø–∞—é—Ç –æ—Å–µ–Ω–Ω–µ-–∑–∏–º–Ω–∏–µ —Ç—É—Ä—ã –≤ –¢–∞–∏–ª–∞–Ω–¥

–£ —Ä–æ—Å—Å–∏–π—Å–∫–∏—Ö —Ç—É—Ä–∏—Å—Ç–æ–≤ —Ä–µ–∑–∫–æ –≤—ã—Ä–æ—Å —Å–ø—Ä–æ—Å –Ω–∞ –æ—Å–µ–Ω–Ω–µ-–∑–∏–º–Ω–∏–µ —Ç—É—Ä—ã –≤ –¢–∞–∏–ª–∞–Ω–¥. –° –Ω–∞—á–∞–ª–∞ –≥–æ–¥–∞ –ø—Ä–æ–¥–∞–∂–∏ —Ç–∞–∫–∏—Ö –ø—É—Ç–µ–≤–æ–∫ –≤—ã—Ä–æ—Å–ª–∏ –≤ 10-12 —Ä–∞–∑. –ü—Ä–µ–¥—Å—Ç–∞–≤–∏—Ç–µ–ª–∏ –æ—Ç—Ä–∞—Å–ª–∏ —Å–≤—è–∑—ã–≤–∞—é—Ç –∞–∂–∏–æ—Ç–∞–∂ —Å–æ —Å–Ω—è—Ç–∏–µ–º –∫–æ–≤–∏–¥–Ω—ã—Ö –æ–≥—Ä–∞–Ω–∏—á–µ–Ω–∏–π, –ø–∏—à–µ—Ç –†–ò–ê –ù–æ–≤–æ—Å—Ç–∏. 
 
–û—Ç–º–µ—á–∞–µ—Ç—Å—è, —á—Ç–æ –±–æ–ª—å—à–µ –≤—Å–µ–≥–æ –±—Ä–æ–Ω–∏—Ä–æ–≤–∞–Ω–∏–π –ø—Ä–∏—Ö–æ–¥–∏—Ç—Å—è –Ω–∞ —è–Ω–≤–∞—Ä—å-—Ñ–µ–≤—Ä–∞–ª—å, –Ω–æ —Ç–∞–∫–∂–µ –ø–æ–ø—É–ª—è—Ä–Ω—ã —Å–µ–Ω—Ç—è–±—Ä—å –∏ –æ–∫—Ç—è–±—Ä—å. –ü—Ä–∏ —ç—Ç–æ–º –Ω–∞–∏–±–æ–ª–µ–µ –≤–æ—Å—Ç—Ä–µ–±–æ–≤–∞–Ω—ã —Ä–µ–π—Å—ã —Å–æ —Å—Ç—ã–∫–æ–≤–∫–∞–º–∏ ‚Äî —Ç–∞–∫ –ø–æ–ª—É—á–∞–µ—Ç—Å—è –¥–µ—à–µ–≤–ª–µ. –ï—Å–ª–∏ –Ω–µ –ª–µ—Ç–µ—Ç—å –ø—Ä—è–º—ã–º —Ä–µ–π—Å–æ–º, —Ä–∞–∑–Ω–∏—Ü–∞ –º–æ–∂–µ—Ç —Å–æ—Å—Ç–∞–≤–∏—Ç—å –ø–æ—á—Ç–∏ 20 —Ç—ã—Å—è—á —Ä—É–±–ª–µ–π, –≥–æ–≤–æ—Ä—è—Ç —Ç—É—Ä–æ–ø–µ—Ä–∞—Ç–æ—Ä—ã. 
 
–ù–∞–ø–æ–º–Ω–∏–º, –≤ –Ω–∞—á–∞–ª–µ –∏—é–ª—è –≤ –¢–∞–∏–ª–∞–Ω–¥–µ –æ—Ç–º–µ–Ω–∏–ª–∏ —Ç—Ä–µ–±–æ–≤–∞–Ω–∏–µ –∫ –≤—ä–µ–∑–∂–∞—é—â–∏–º –≤ —Å—Ç—Ä–∞–Ω—É –ø—É—Ç–µ—à–µ—Å—Ç–≤–µ–Ω–Ω–∏–∫–∞–º –æ –Ω–∞–ª–∏—á–∏–∏ –º–µ–¥—Å—Ç—Ä–∞—Ö–æ–≤–∫–∏ –¥–ª—è –ª–µ—á–µ–Ω–∏—è COVID-19. –†–∞–Ω–µ–µ –µ–µ —Å—Ç–æ–∏–º–æ—Å—Ç—å —Å–æ—Å—Ç–∞–≤–ª—è–ª–∞ 10 —Ç—ã—Å—è—á –¥–æ–ª–ª–∞—Ä–æ–≤.

#–Ω–æ–≤–æ—Å—Ç–∏@eto_yugansk_detka 
#–æ–±—â–µ—Å—Ç–≤–æ@eto_yugansk_detka",2,26,16,6648.0
6,2022-08-11 13:59:25,1068,-213313724,-213313724,"–ú–æ–∏ –∫—Ä–∞—Å–∏–≤—ã–µ, –¥–ª—è –≤–∞—Å —Ä—É–±—Ä–∏–∫–∞/–ø–æ–ª–µ–∑–Ω–æ—Å—Ç–∏, –ø–æ—Å—Ç –±—É–¥–µ—Ç –∏–∑ –¥–≤—É—Ö —á–∞—Å—Ç–µ–π, –≤ –∫–æ—Ç–æ—Ä—ã—Ö –º—ã —Ä–∞–∑–±–µ—Ä—ë–º –≤–∏—Ç–∞–º–∏–Ω—ã –º–æ–ª–æ–¥–æ—Å—Ç–∏ –∏ –∫—Ä–∞—Å–æ—Ç—ã –¥–ª—è –∂–µ–Ω—â–∏–Ω—ã.

–ß–∞—Å—Ç—å 1.
–í—Å–µ –º—ã –∑–Ω–∞–µ–º, —á—Ç–æ –≤ –Ω–µ–¥–∞–≤–Ω–µ–º –≤—Ä–µ–º–µ–Ω–∏ –º—ã —É–∑–Ω–∞–ª–∏ –æ COVID-19 –∏ —Ä–∏–Ω—É–ª–∏—Å—å —Ä—å—è–Ω–æ –ø–∏—Ç—å –≤—Å–µ–≤–æ–∑–º–æ–∂–Ω—ã–µ –ø–æ–ª–µ–∑–Ω—ã–µ –≤–∏—Ç–∞–º–∏–Ω—ã, —Ç–∞–∫ –∫–∞–∫ –≤–µ–∑–¥–µ —Ç—Ä—É–±–∏–ª–∏, —á—Ç–æ –≤–∏—Ç–∞–º–∏–Ω—ã –ø–æ–º–æ–≥–∞—é—Ç –Ω–∞—à–µ–º—É –æ—Ä–≥–∞–Ω–∏–∑–º—É –±–æ—Ä–æ—Ç—å—Å—è —Å –±–æ–ª–µ–∑–Ω—å—é.  
–ù–æ –º–Ω–æ–≥–∏–µ –Ω–µ –∑–Ω–∞—é—Ç –∏ –Ω–µ –ø–æ–Ω–∏–º–∞—é—Ç, —á—Ç–æ –≤–∏—Ç–∞–º–∏–Ω—ã –ø–æ–º–æ–≥–∞—é—Ç –Ω–∞–º –Ω–µ —Ç–æ–ª—å–∫–æ –¥–ª—è –±–æ—Ä—å–±—ã —Å –±–æ–ª–µ–∑–Ω—è–º–∏, –Ω–æ –µ—â—ë –∏ –ø–æ–º–æ–≥–∞—é—Ç –±—ã—Ç—å –Ω–∞–º –∫—Ä–∞—Å–∏–≤—ã–º–∏, –º–æ–ª–æ–¥—ã–º–∏ –∏ –∑–¥–æ—Ä–æ–≤—ã–º–∏. 

‚úÖ–Ø, –∫–∞–∫ –º–∞—Å—Ç–µ—Ä –ø–æ —ç—Å—Ç–µ—Ç–∏–∫–∏ —Ç–µ–ª–∞ –∏ –ª–∏—Ü–∞, —Å–µ–≥–æ–¥–Ω—è —Ö–æ—á—É –ø–æ–≥–æ–≤–æ—Ä–∏—Ç—å –æ –≤–∏—Ç–∞–º–∏–Ω–∞—Ö –∫—Ä–∞—Å–æ—Ç—ã –∏ –º–æ–ª–æ–¥–æ—Å—Ç–∏ –∫–æ–∂–∏ –¥–ª—è –ª–∏—Ü–∞ –∏ —Ç–µ–ª–∞.
–ö–∞–∂–¥—ã–π –º–∞—Å—Ç–µ—Ä –¥–æ–ª–∂–µ–Ω –ø–æ–Ω–∏–º–∞—Ç—å –∏ –∑–Ω–∞—Ç—å –∫–∞–∫ –æ–Ω —Å –ø–æ–º–æ—â—å—é –≤–∏—Ç–∞–º–∏–Ω–æ–≤ –º–æ–∂–µ—Ç –ø–æ–º–æ—á—å –≤ –±–æ—Ä—å–±–µ —Å –Ω–µ—Å–æ–≤–µ—Ä—à–µ–Ω—Å—Ç–≤–∞–º–∏ –∫–æ–∂–∏ –ª–∏—Ü–∞ –∏ —Ç–µ–ª–∞.
–ò —è —Ö–æ—á—É —Ä–∞—Å—Å–∫–∞–∑–∞—Ç—å –≤–∞–º –æ –≤–∏—Ç–∞–º–∏–Ω–∞—Ö –∫—Ä–∞—Å–æ—Ç—ã, –æ –∫–æ—Ç–æ—Ä—ã—Ö –≤—ã –¥–æ–ª–∂–Ω—ã –∑–Ω–∞—Ç—å –ø—Ä–∏ –≤—ã–±–æ—Ä–µ –≤–∏—Ç–∞–º–∏–Ω–æ–≤, —É—Ö–æ–¥–æ–≤—ã—Ö —Å—Ä–µ–¥—Å—Ç–≤ –¥–ª—è –ª–∏—Ü–∞ –∏ –ø—Ä–æ—Å—Ç–æ –æ —Ç–æ–º, –≤ –∫–∞–∫–∏—Ö –ø—Ä–æ–¥—É–∫—Ç–∞—Ö –µ—Å—Ç—å  –≤–∏—Ç–∞–º–∏–Ω—ã, –µ—Å–ª–∏ –≤—ã –Ω–µ —Ö–æ—Ç–∏—Ç–µ –∏—Ö —É–ø–æ—Ç—Ä–µ–±–ª—è—Ç—å –≤–Ω–µ –ø—Ä–æ–¥—É–∫—Ç–æ–≤.

–¢–µ–ø–µ—Ä—å –≤—Å—ë –ø–æ –ø–æ—Ä—è–¥–∫—É:

‚úÖ–ó–¥–æ—Ä–æ–≤–∞—è, —É–ø—Ä—É–≥–∞—è –∏ —Å–∏—è—é—â–∞—è –∫–æ–∂–∞, –±–ª–µ—Å—Ç—è—â–∏–µ –∏ –≥—É—Å—Ç—ã–µ –≤–æ–ª–æ—Å—ã ‚Äî —ç—Ç–æ –æ—Å–Ω–æ–≤–Ω—ã–µ –º–∞—Ä–∫–µ—Ä—ã –∑–¥–æ—Ä–æ–≤—å—è —á–µ–ª–æ–≤–µ–∫–∞. –ö–æ–∂–∞ ‚Äî —Å–∞–º—ã–π –±–æ–ª—å—à–æ–π –Ω–∞—à –æ—Ä–≥–∞–Ω, –∏ –æ–Ω–∞ –æ—Ç—Ä–∞–∂–∞–µ—Ç –≤—Å–µ –∏–∑–º–µ–Ω–µ–Ω–∏—è –∏ –ø–æ–ª–æ–º–∫–∏ –≤–Ω—É—Ç—Ä–µ–Ω–Ω–µ–≥–æ —Å–æ—Å—Ç–æ—è–Ω–∏—è. –ê –ø–æ—Ç–æ–º—É –Ω–∞—à–∞ –∫–æ–∂–∞ —Ç–µ–ª–∞ –∏ –ª–∏—Ü–∞, –≤–æ–ª–æ—Å—ã –∏ –Ω–æ–≥—Ç–∏ –Ω—É–∂–¥–∞—é—Ç—Å—è –≤ –≤–∏—Ç–∞–º–∏–Ω–∞—Ö —Ç–∞–∫ –∂–µ, –∫–∞–∫ –∏ –≤–µ—Å—å –æ—Ä–≥–∞–Ω–∏–∑–º. 
–î–ª—è —Å–æ—Ö—Ä–∞–Ω–µ–Ω–∏—è –º–æ–ª–æ–¥–æ—Å—Ç–∏ –∏ –∑–¥–æ—Ä–æ–≤—å—è –Ω–∞—à–µ–π –∫–æ–∂–µ –Ω–µ–æ–±—Ö–æ–¥–∏–º –ø—Ä–∞–≤–∏–ª—å–Ω—ã–π –±–∞–ª–∞–Ω—Å –ø–∏—Ç–∞—Ç–µ–ª—å–Ω—ã—Ö –≤–µ—â–µ—Å—Ç–≤. –¢–æ–≥–¥–∞ –æ–Ω–∞ —Å —É—Å–ø–µ—Ö–æ–º —Å–ø—Ä–∞–≤–∏—Ç—Å—è —Å –≤–æ–∑–ª–æ–∂–µ–Ω–Ω–æ–π –Ω–∞ –Ω–µ–µ –∑–∞–¥–∞—á–µ–π –∏ –∑–∞—â–∏—Ç–∏—Ç –æ—Ä–≥–∞–Ω–∏–∑–º –æ—Ç –≤–æ–∑–¥–µ–π—Å—Ç–≤–∏—è –≤—Ä–µ–¥–Ω—ã—Ö –≤–Ω–µ—à–Ω–∏—Ö —Ñ–∞–∫—Ç–æ—Ä–æ–≤. –ú—ã –∂–µ –≤ —Å–∏–ª–∞—Ö –ø–æ–º–æ—á—å –µ–π ‚Äî –Ω—É–∂–Ω–æ —Ç–æ–ª—å–∫–æ –ø—Ä–∞–≤–∏–ª—å–Ω–æ –ø–æ–¥–ø–∏—Ç—ã–≤–∞—Ç—å –µ–µ –∏–∑–Ω—É—Ç—Ä–∏ –∏ –Ω–µ –∑–∞–±—ã–≤–∞—Ç—å —É—Ö–∞–∂–∏–≤–∞—Ç—å —Å–Ω–∞—Ä—É–∂–∏.

‚ùó–†–∞–∑–±–µ—Ä—ë–º —Å–∞–º—ã–µ –æ—Å–Ω–æ–≤–Ω—ã–µ –≤–∏—Ç–∞–º–∏–Ω—ã –¥–ª—è –º–æ–ª–æ–¥–æ—Å—Ç–∏ –∫–æ–∂–∏ –ª–∏—Ü–∞ –∏ —Ç–µ–ª–∞, —Å —Ç–æ—á–∫–∏ –∑—Ä–µ–Ω–∏—è –∑–¥–æ—Ä–æ–≤—å—è –∏ —ç—Å—Ç–µ—Ç–∏–∫–∏ –ª–∏—Ü–∞ –∏ —Ç–µ–ª–∞:

1Ô∏è‚É£–í–∏—Ç–∞–º–∏–Ω –°
–ê—Å–∫–æ—Ä–±–∏–Ω–∫–∞ –ø–æ–º–æ–≥–∞–µ—Ç –≤—ã—Ä–∞–±–∞—Ç—ã–≤–∞—Ç—å –∫–æ–ª–ª–∞–≥–µ–Ω ‚Äî —Ç–∏–ø —Å–æ–µ–¥–∏–Ω–∏—Ç–µ–ª—å–Ω–æ–π —Ç–∫–∞–Ω–∏, –∫–æ—Ç–æ—Ä–∞—è —Å–æ—Ö—Ä–∞–Ω—è–µ—Ç –∫–æ–∂—É —É–ø—Ä—É–≥–æ–π. –≠—Ç–æ —Ç–∞–∫–∂–µ –º–æ—â–Ω—ã–π –∞–Ω—Ç–∏–æ–∫—Å–∏–¥–∞–Ω—Ç, –∑–∞—â–∏—â–∞—é—â–∏–π –Ω–∞—Å –æ—Ç —Å–≤–æ–±–æ–¥–Ω—ã—Ö —Ä–∞–¥–∏–∫–∞–ª–æ–≤ –∏ —Å–Ω–∏–∂–∞—é—â–∏–π –≤–µ—Ä–æ—è—Ç–Ω–æ—Å—Ç—å —Ä–∞–∑–≤–∏—Ç–∏—è —Ä–∞–∫–∞ –∫–æ–∂–∏. –ü—Ä–∏ –º–µ—Å—Ç–Ω–æ–º –ø—Ä–∏–º–µ–Ω–µ–Ω–∏–∏ –≤–∏—Ç–∞–º–∏–Ω –° –º–æ–∂–µ—Ç –æ–±—Ä–∞—Ç–∏—Ç—å –≤—Å–ø—è—Ç—å –ø—Ä–∏–∑–Ω–∞–∫–∏ —Ñ–æ—Ç–æ—Å—Ç–∞—Ä–µ–Ω–∏—è, –±–æ—Ä–æ—Ç—å—Å—è —Å —Å—É—Ö–æ—Å—Ç—å—é, –º–æ—Ä—â–∏–Ω–∞–º–∏ –∏ –≥–∏–ø–µ—Ä–ø–∏–≥–º–µ–Ω—Ç–∞—Ü–∏–µ–π –∫–æ–∂–∏.

–ì–¥–µ –ø—Ä—è—á–µ—Ç—Å—è –≤–∏—Ç–∞–º–∏–Ω –°?
–ö–æ–∂–∞, —Ç–∞–∫ –∂–µ –∫–∞–∫ –∏ –∏–º–º—É–Ω–∏—Ç–µ—Ç, –Ω—É–∂–¥–∞–µ—Ç—Å—è –≤ –≤–∏—Ç–∞–º–∏–Ω–µ –°. –ï–≥–æ —Å –∏–∑–±—ã—Ç–∫–æ–º –º–æ–∂–Ω–æ –Ω–∞–π—Ç–∏ –≤ —Å–∞–º–æ–π –æ–±—ã—á–Ω–æ–π –∫–∞–ø—É—Å—Ç–µ, –∫–∞–±–∞—á–∫–∞—Ö, —è–±–ª–æ–∫–∞—Ö, —á–µ—Ä–Ω–æ–π —Å–º–æ—Ä–æ–¥–∏–Ω–µ –∏ –≤ —á–µ—Ä–Ω–∏–∫–µ, –≤ –∞–ø–µ–ª—å—Å–∏–Ω–∞—Ö –∏ –∫–ª—É–±–Ω–∏–∫–µ, –∞ —Ç–∞–∫–∂–µ –≤ –±—Ä–æ–∫–∫–æ–ª–∏, —à–ø–∏–Ω–∞—Ç–µ.
–î–æ–ø–æ–ª–Ω–∏—Ç–µ–ª—å–Ω–æ –Ω—É–∂–Ω–æ –∏—Å–ø–æ–ª—å–∑–æ–≤–∞—Ç—å –≤–∏—Ç–∞–º–∏–Ω—ã –∏ anti-age —Å—Ä–µ–¥—Å—Ç–≤–∞ –¥–ª—è –∫–æ–∂–∏ —Å –≤–∏—Ç–∞–º–∏–Ω–æ–º –° –¥–ª—è –ª–µ—á–µ–Ω–∏—è —Å—É—Ö–æ—Å—Ç–∏, –ø–æ–∫—Ä–∞—Å–Ω–µ–Ω–∏—è, –º–æ—Ä—â–∏–Ω –∏ –ø–∏–≥–º–µ–Ω—Ç–Ω—ã—Ö –ø—è—Ç–µ–Ω.

2Ô∏è‚É£–í–∏—Ç–∞–º–∏–Ω –ê(—Ä–µ—Ç–∏–Ω–æ–ª) ‚Äî –æ—Å–Ω–æ–≤–Ω–æ–π —É—á–∞—Å—Ç–Ω–∏–∫ –ø—Ä–æ—Ü–µ—Å—Å–∞ –æ–±–Ω–æ–≤–ª–µ–Ω–∏—è –∫–æ–∂–∏, –≤–æ–ª–æ—Å –∏ –Ω–æ–≥—Ç–µ–π.
–£–ª—É—á—à–∞–µ—Ç —ç–ª–∞—Å—Ç–∏—á–Ω–æ—Å—Ç—å –∏ —Å–ø–æ—Å–æ–±—Å—Ç–≤—É–µ—Ç –æ—Å–≤–µ—Ç–ª–µ–Ω–∏—é –ø–∏–≥–º–µ–Ω—Ç–Ω—ã—Ö –ø—è—Ç–µ–Ω. –ù–æ—Ä–º–∞–ª–∏–∑—É–µ—Ç –¥–µ—è—Ç–µ–ª—å–Ω–æ—Å—Ç—å —Å–∞–ª—å–Ω—ã—Ö –∂–µ–ª–µ–∑.
–Ø–≤–ª—è—è—Å—å –µ—â–µ –æ–¥–Ω–∏–º –∞–Ω—Ç–∏–æ–∫—Å–∏–¥–∞–Ω—Ç–æ–º, –º–æ–∂–µ—Ç –æ–±–µ—Å–ø–µ—á–∏—Ç—å –Ω–∞—à–µ–π –∫–æ–∂–µ –Ω–µ–∫–æ—Ç–æ—Ä—É—é –∑–∞—â–∏—Ç—É –æ—Ç —É–ª—å—Ç—Ä–∞—Ñ–∏–æ–ª–µ—Ç–∞, —Ö–æ—Ç—è –∏ –Ω–µ —Ç–∞–∫—É—é —ç—Ñ—Ñ–µ–∫—Ç–∏–≤–Ω—É—é, –∫–∞–∫ —Å–æ–ª–Ω—Ü–µ–∑–∞—â–∏—Ç–Ω—ã–π –∫—Ä–µ–º. –ö—Ä–æ–º–µ —Ç–æ–≥–æ, –ø—Ä–µ–¥–æ—Ç–≤—Ä–∞—â–∞—è –ø–æ–≤—Ä–µ–∂–¥–µ–Ω–∏–µ –æ—Ç —Å–æ–ª–Ω—Ü–∞, –æ–Ω –ø—Ä–µ—Ä—ã–≤–∞–µ—Ç –ø—Ä–æ—Ü–µ—Å—Å —Ä–∞—Å—â–µ–ø–ª–µ–Ω–∏—è –∫–æ–ª–ª–∞–≥–µ–Ω–∞. –ë–µ–∑ –¥–æ—Å—Ç–∞—Ç–æ—á–Ω–æ–≥–æ –∫–æ–ª–∏—á–µ—Å—Ç–≤–∞ –≤–∏—Ç–∞–º–∏–Ω–∞ –ê –º–æ–∂–µ—Ç –ø–æ—è–≤–∏—Ç—å—Å—è —Å—É—Ö–æ—Å—Ç—å –∫–æ–∂–∏, –∑—É–¥ –∏ –¥—Ä—É–≥–∏–µ –Ω–µ—Å–æ–≤–µ—Ä—à–µ–Ω—Å—Ç–≤–∞, –Ω–∞–ø—Ä–∏–º–µ—Ä, —Å–∫–ª–æ–Ω–Ω–æ—Å—Ç—å –∫ –≤—ã—Å—ã–ø–∞–Ω–∏—è–º –∏ –∞–∫–Ω–µ.

–ì–¥–µ –ø—Ä—è—á–µ—Ç—Å—è –≤–∏—Ç–∞–º–∏–Ω –ê?  
–û–Ω –≤ –∏–∑–æ–±–∏–ª–∏–∏ –Ω–∞—Ö–æ–¥–∏—Ç—Å—è –≤ —Ç–∞–∫–∏—Ö –ø—Ä–æ–¥—É–∫—Ç–∞—Ö, –∫–∞–∫ —Å–ª–∞–¥–∫–∏–π –∫–∞—Ä—Ç–æ—Ñ–µ–ª—å, –≥–æ–≤—è–¥–∏–Ω–∞, –º–æ—Ä–∫–æ–≤—å, —è–π—Ü–∞, –º–æ–ª–æ—á–Ω—ã–µ –ø—Ä–æ–¥—É–∫—Ç—ã, —à–ø–∏–Ω–∞—Ç, –º–∞–Ω–≥–æ.
–ò—Å–ø–æ–ª—å–∑—É–π—Ç–µ —Ç–∞–∫–∂–µ –¥–æ–ø–æ–ª–Ω–∏—Ç–µ–ª—å–Ω–æ –∫—Ä–µ–º—ã –∏ –≤–∏—Ç–∞–º–∏–Ω—ã, —Å–æ–¥–µ—Ä–∂–∞—â–∏–µ –ø—Ä–æ–∏–∑–≤–æ–¥–Ω—ã–µ –≤–∏—Ç–∞–º–∏–Ω–∞ –ê. –¢–∞–∫–∏–µ –∫–æ—Å–º–µ—Ç–∏—á–µ—Å–∫–∏–µ —Å—Ä–µ–¥—Å—Ç–≤–∞ —ç—Ñ—Ñ–µ–∫—Ç–∏–≤–Ω—ã –ø—Ä–∏ –ª–µ—á–µ–Ω–∏–∏ –º–æ—Ä—â–∏–Ω. 

3Ô∏è‚É£–í–∏—Ç–∞–º–∏–Ω –íüòî –Ω–∏–∫–æ—Ç–∏–Ω–æ–≤–∞—è –∫–∏—Å–ª–æ—Ç–∞)
–î–ª—è –∑–¥–æ—Ä–æ–≤—å—è –∫–æ–∂–∏ –Ω–∞–º –Ω–µ–æ–±—Ö–æ–¥–∏–º –µ—â–µ –∏ –≤–∏—Ç–∞–º–∏–Ω B3, –∏–∑–≤–µ—Å—Ç–Ω—ã–π —Ç–∞–∫–∂–µ –∫–∞–∫ –Ω–∏–∞—Ü–∏–Ω. –ï–≥–æ –ø—Ä–æ–∏–∑–≤–æ–¥–Ω–æ–µ ‚Äî –Ω–∏–∞—Ü–∏–Ω–∞–º–∏–¥ ‚Äî –≤—Å—Ç—Ä–µ—á–∞–µ—Ç—Å—è –≤ –∫–æ—Å–º–µ—Ç–∏—á–µ—Å–∫–∏—Ö anti-age —Å—Ä–µ–¥—Å—Ç–≤–∞—Ö. –û–Ω –ø–æ–ª–µ–∑–µ–Ω –¥–ª—è –∑—Ä–µ–ª–æ–π –∫–æ–∂–∏, —Ç–∞–∫ –∫–∞–∫ –∏–º–µ–µ—Ç —Å–≤–æ–π—Å—Ç–≤–æ –æ—Å–≤–µ—Ç–ª—è—Ç—å –µ–µ –∏ –±–æ—Ä–µ—Ç—Å—è —Å —Ç–∞–∫–∏–º–∏ –Ω–µ—Å–æ–≤–µ—Ä—à–µ–Ω—Å—Ç–≤–∞–º–∏, –∫–∞–∫ –≥–∏–ø–µ—Ä–ø–∏–≥–º–µ–Ω—Ç–∏—Ä–æ–≤–∞–Ω–Ω–æ—Å—Ç—å, –ø–æ–∫—Ä–∞—Å–Ω–µ–Ω–∏–µ –∏–ª–∏ –∂–µ –∂–µ–ª—Ç–∏–∑–Ω–∞ –∫–æ–∂–∏. –ê –µ—â–µ —Ä–∞–∑–≥–ª–∞–∂–∏–≤–∞–µ—Ç –º–æ—Ä—â–∏–Ω–∫–∏ –∏ –ø–æ–≤—ã—à–∞–µ—Ç —ç–ª–∞—Å—Ç–∏—á–Ω–æ—Å—Ç—å –∫–æ–∂–∏.

–ì–¥–µ –ø—Ä—è—á–µ—Ç—Å—è –í–∏—Ç–∞–º–∏–Ω –í3?
–ê—Ä–∞—Ö–∏—Å –∏ —Å–µ–º–µ–Ω–∞ –ø–æ–¥—Å–æ–ª–Ω–µ—á–Ω–∏–∫–∞ —è–≤–ª—è—é—Ç—Å—è –ª–∏–¥–µ—Ä–∞–º–∏ –ø–æ —Å–æ–¥–µ—Ä–∂–∞–Ω–∏—é —ç—Ç–æ–≥–æ –≤–∏—Ç–∞–º–∏–Ω–∞. –¢–∞–∫–∂–µ –Ω–∏–∫–æ—Ç–∏–Ω–æ–≤–æ–π –∫–∏—Å–ª–æ—Ç–æ–π –±–æ–≥–∞—Ç—ã —Ç–∞–∫–∏–µ –ø—Ä–æ–¥—É–∫—Ç—ã, –∫–∞–∫ –≥–æ–≤—è–∂—å—è –ø–µ—á–µ–Ω—å, –≥—Ä–µ—á–∫–∞, —Ñ–∞—Å–æ–ª—å, –∫—É—Ä–∏—Ü–∞, –∫–∞—Ä—Ç–æ—Ñ–µ–ª—å, –º–æ—Ä–∫–æ–≤—å –∏ —è–±–ª–æ–∫–∏.

–ê –≤—ã –∑–∞–¥—É–º—ã–≤–∞–ª–∏—Å—å –æ –≤–∏—Ç–∞–º–∏–Ω–∞—Ö –∫—Ä–∞—Å–æ—Ç—ã –¥–ª—è –∂–µ–Ω—â–∏–Ω—ã?
–í–æ –≤—Ç–æ—Ä–æ–π —á–∞—Å—Ç–∏ –ø—Ä–æ–¥–æ–ª–∂–∏–º —Ä–∞–∑–≥–æ–≤–æ—Ä –æ–± –æ—Å—Ç–∞–ª—å–Ω—ã—Ö –≤–∏—Ç–∞–º–∏–Ω–∞—Ö –¥–ª—è –∂–µ–Ω—Å–∫–æ–π –∫—Ä–∞—Å–æ—Ç—ã –∏ –º–æ–ª–æ–¥–æ—Å—Ç–∏.
#–Ω–∏–∂–Ω–µ–∫–∞–º—Å–∫–≤–∫–æ–Ω—Ç–∞–∫—Ç–µ#–∫—Ä–∞—Å–æ—Ç–∞#–≤–∏—Ç–∞–º–∏–Ω—ã#–∫–æ—Å–º–µ—Ç–æ–ª–æ–≥#a–≥—Ä–æ—Ü–µ–Ω—Ç—Ä",22,104,38,367.0
12,2022-08-11 13:55:16,3662,-118266640,-118266640,"–¢–æ–º—Å–∫–∞—è –∫–æ–º–ø–∞–Ω–∏—è —Ä–∞–∑—Ä–∞–±–æ—Ç–∞–ª–∞ –∏–Ω–Ω–æ–≤–∞—Ü–∏–æ–Ω–Ω—ã–π –ø—Ä–µ–ø–∞—Ä–∞—Ç –¥–ª—è –ª–µ—á–µ–Ω–∏—è —Ö—Ä–æ–Ω–∏—á–µ—Å–∫–∏—Ö –≤–æ—Å–ø–∞–ª–∏—Ç–µ–ª—å–Ω—ã—Ö –∑–∞–±–æ–ª–µ–≤–∞–Ω–∏–πüî• 
 
 
–ö–æ–º–ø–∞–Ω–∏—è ¬´–§–æ—Ä–±–æ—Å¬ª –∑–∞–Ω–∏–º–∞–µ—Ç—Å—è —Ä–∞–∑—Ä–∞–±–æ—Ç–∫–æ–π –ø—Ä–æ—Ç–∏–≤–æ–≤–æ—Å–ø–∞–ª–∏—Ç–µ–ª—å–Ω–æ–≥–æ –ø—Ä–µ–ø–∞—Ä–∞—Ç–∞ ¬´–ò–Ω–¥–æ–º–µ–Ω—Ç–∏–ª¬ª –¥–ª—è –ª–µ—á–µ–Ω–∏—è —Ö—Ä–æ–Ω–∏—á–µ—Å–∫–∏—Ö –≤–æ—Å–ø–∞–ª–∏—Ç–µ–ª—å–Ω—ã—Ö –∑–∞–±–æ–ª–µ–≤–∞–Ω–∏–π –ø—Ä–∏ –¥–ª–∏—Ç–µ–ª—å–Ω–æ–º –ø—Ä–∏–º–µ–Ω–µ–Ω–∏–∏ —Å –Ω–∏–∑–∫–∏–º —Ä–∏—Å–∫–æ–º —Ä–∞–∑–≤–∏—Ç–∏—è –ø–æ–±–æ—á–Ω—ã—Ö —ç—Ñ—Ñ–µ–∫—Ç–æ–≤üëç 
 
¬´–ò–∑–≤–µ—Å—Ç–Ω—ã–µ –ø—Ä–µ–ø–∞—Ä–∞—Ç—ã, —Ç–∞–∫ –Ω–∞–∑—ã–≤–∞–µ–º—ã–µ –Ω–µ—Å—Ç–µ—Ä–æ–∏–¥–Ω—ã–µ –ø—Ä–æ—Ç–∏–≤–æ–≤–æ—Å–ø–∞–ª–∏—Ç–µ–ª—å–Ω—ã–µ —Å—Ä–µ–¥—Å—Ç–≤–∞, –¥–∞–∂–µ –ø—Ä–∏ –∫–æ—Ä–æ—Ç–∫–∏—Ö –∫—É—Ä—Å–∞—Ö –æ–∫–∞–∑—ã–≤–∞—é—Ç –ø–æ–≤—Ä–µ–∂–¥–∞—é—â–µ–µ –¥–µ–π—Å—Ç–≤–∏–µ –Ω–∞ –æ—Ä–≥–∞–Ω—ã –ñ–ö–¢, –ø–µ—á–µ–Ω—å, –ø–æ—á–∫–∏ –∏ —Å–µ—Ä–¥—Ü–µ. –ò–∑-–∑–∞ —ç—Ç–æ–≥–æ —á–∞—Å—Ç–æ –ø—Ä–∏—Ö–æ–¥–∏—Ç—Å—è —Å–Ω–∏–∂–∞—Ç—å –¥–æ–∑—É –Ω–∞–∑–Ω–∞—á–∞–µ–º–æ–≥–æ –ø—Ä–µ–ø–∞—Ä–∞—Ç–∞, —á—Ç–æ —É–º–µ–Ω—å—à–∞–µ—Ç —ç—Ñ—Ñ–µ–∫—Ç–∏–≤–Ω–æ—Å—Ç—å —Ç–µ—Ä–∞–ø–∏–∏¬ª, - –ø–æ—è—Å–Ω—è–µ—Ç —Å—Ç–∞—Ä—à–∏–π –Ω–∞—É—á–Ω—ã–π —Å–æ—Ç—Ä—É–¥–Ω–∏–∫, –∫.–±.–Ω. –ê—Ä–∏–Ω–∞ –ë—ã–∫–æ–≤–∞üöÄ 
 
¬´–ò–Ω–¥–æ–º–µ–Ω—Ç–∏–ª¬ª –ø–µ—Ä–≤—ã–π –≤ —Å–≤–æ–µ–º –∫–ª–∞—Å—Å–µ –ø—Ä–æ—Ç–∏–≤–æ–≤–æ—Å–ø–∞–ª–∏—Ç–µ–ª—å–Ω—ã–π –ø—Ä–µ–ø–∞—Ä–∞—Ç —Å –≤—ã—Å–æ–∫–æ–π –±–µ–∑–æ–ø–∞—Å–Ω–æ—Å—Ç—å—é –¥–ª—è –¥–ª–∏—Ç–µ–ª—å–Ω–æ–π —Ç–µ—Ä–∞–ø–∏–∏üë©‚Äç‚öï 
 
–í –æ—Å–Ω–æ–≤–µ –ø—Ä–µ–ø–∞—Ä–∞—Ç–∞ –∞–±—Å–æ–ª—é—Ç–Ω–æ –Ω–æ–≤–∞—è –º–æ–ª–µ–∫—É–ª–∞ –∏ –Ω–æ–≤–∞—è —Ç–µ—Ö–Ω–æ–ª–æ–≥–∏—è –µ–µ –∏–∑–≥–æ—Ç–æ–≤–ª–µ–Ω–∏—è, —á—Ç–æ –æ–±–µ—Å–ø–µ—á–∏–≤–∞–µ—Ç —Ç–∞—Ä–≥–µ—Ç–Ω—ã–π —ç—Ñ—Ñ–µ–∫—Ç, –∞ –∏–º–µ–Ω–Ω–æ –ø—Ä–µ–∏–º—É—â–µ—Å—Ç–≤–µ–Ω–Ω–æ–µ –Ω–∞–∫–æ–ø–ª–µ–Ω–∏–µ –∞–∫—Ç–∏–≤–Ω–æ–≥–æ –≤–µ—â–µ—Å—Ç–≤–∞ –≤ –æ—á–∞–≥–µ –≤–æ—Å–ø–∞–ª–µ–Ω–∏—è –ø—Ä–∏ –Ω–∏–∑–∫–æ–π –∫–æ–Ω—Ü–µ–Ω—Ç—Ä–∞—Ü–∏–∏ –≤ –∫—Ä–æ–≤–∏ –∏ –Ω–µ–ø–æ–≤—Ä–µ–∂–¥–µ–Ω–Ω—ã—Ö –æ—Ä–≥–∞–Ω–∞—ÖüéØ 
 
–í —Ä–µ–∑—É–ª—å—Ç–∞—Ç–µ –¥–æ—Å—Ç–∏–≥–∞–µ—Ç—Å—è —É–Ω–∏–∫–∞–ª—å–Ω–æ–µ —Å–æ—á–µ—Ç–∞–Ω–∏–µ —ç—Ñ—Ñ–µ–∫—Ç–∏–≤–Ω–æ—Å—Ç–∏ –∏ –±–µ–∑–æ–ø–∞—Å–Ω–æ—Å—Ç–∏, –Ω–µ–¥–æ—Å—Ç–∏–∂–∏–º–æ–µ –¥–ª—è –∏–∑–≤–µ—Å—Ç–Ω—ã—Ö –ª–µ–∫–∞—Ä—Å—Ç–≤–µ–Ω–Ω—ã—Ö —Å—Ä–µ–¥—Å—Ç–≤. –ë–ª–∞–≥–æ–¥–∞—Ä—è —ç—Ç–æ–º—É ¬´–ò–Ω–¥–æ–º–µ–Ω—Ç–∏–ª¬ª –ø–µ—Ä—Å–ø–µ–∫—Ç–∏–≤–µ–Ω –¥–ª—è –ª–µ—á–µ–Ω–∏—è –∞—Ä—Ç—Ä–∏—Ç–æ–≤ (—Ä–µ–≤–º–∞—Ç–æ–∏–¥–Ω—ã–π, –ø–æ–¥–∞–≥—Ä–∏—á–µ—Å–∫–∏–π, –æ—Å—Ç–µ–æ–∞—Ä—Ç—Ä–∏—Ç) –∏ –¥—Ä—É–≥–∏—Ö —Ä–µ—Ü–∏–¥–∏–≤–∏—Ä—É—é—â–∏—Ö –≤–æ—Å–ø–∞–ª–∏—Ç–µ–ª—å–Ω—ã—Ö –∑–∞–±–æ–ª–µ–≤–∞–Ω–∏–πüí£ 
 
–ë–ª–∞–≥–æ–¥–∞—Ä—è —É–Ω–∏–∫–∞–ª—å–Ω–æ–º—É —Å–æ—á–µ—Ç–∞–Ω–∏—é –≤—ã—Ä–∞–∂–µ–Ω–Ω–æ–≥–æ –ø—Ä–æ—Ç–∏–≤–æ–≤–æ—Å–ø–∞–ª–∏—Ç–µ–ª—å–Ω–æ–≥–æ –¥–µ–π—Å—Ç–≤–∏—è –∏ –ø—Ä—è–º–æ–≥–æ –ø—Ä–æ—Ç–∏–≤–æ–≤–∏—Ä—É—Å–Ω–æ–≥–æ –¥–µ–π—Å—Ç–≤–∏—è –Ω–∞ –∫–æ—Ä–æ–Ω–æ–≤–∏—Ä—É—Å—ã —Ä–∞–∑—Ä–∞–±–∞—Ç—ã–≤–∞–µ–º—ã–π –ø—Ä–µ–ø–∞—Ä–∞—Ç –ø–µ—Ä—Å–ø–µ–∫—Ç–∏–≤–µ–Ω –¥–ª—è –ª–µ—á–µ–Ω–∏—è COVID-19üíä 
 
¬´–ò–Ω–¥–æ–º–µ–Ω—Ç–∏–ª¬ª –∑–∞—â–∏—â–µ–Ω –ø–∞—Ç–µ–Ω—Ç–æ–º –†–æ—Å—Å–∏–∏, –≤–µ–¥–µ—Ç—Å—è –ø–∞—Ç–µ–Ω—Ç–æ–≤–∞–Ω–∏–µ –∑–∞ —Ä—É–±–µ–∂–æ–º‚ö° 
 
–í –Ω–∞—Å—Ç–æ—è—â–µ–µ –≤—Ä–µ–º—è –∑–∞–∫–∞–Ω—á–∏–≤–∞–µ—Ç—Å—è —ç—Ç–∞–ø –¥–æ–∫–ª–∏–Ω–∏—á–µ—Å–∫–∏—Ö –∏—Å—Å–ª–µ–¥–æ–≤–∞–Ω–∏–π, —Å 2023 –≥–æ–¥–∞ –ø–ª–∞–Ω–∏—Ä—É–µ—Ç—Å—è –Ω–∞—á–∞—Ç—å –∫–ª–∏–Ω–∏—á–µ—Å–∫–∏–µ –∏—Å–ø—ã—Ç–∞–Ω–∏—è —Ä–∞–∑—Ä–∞–±–∞—Ç—ã–≤–∞–µ–º–æ–≥–æ –ø—Ä–µ–ø–∞—Ä–∞—Ç–∞üß™ 
 
 
–§–æ—Ç–æ–≥—Ä–∞—Ñ–∏–∏ –∫–æ–º–ø–∞–Ω–∏–∏ —Å–º–æ—Ç—Ä–∏—Ç–µ –≤ –∞–ª—å–±–æ–º–µ: https://vk.com/album-118266640_285766944",1,10,1,470.0
30,2022-08-11 13:51:33,30316,-122285995,-122285995,–ê—Ç–∫–∞—Ä—á–∞–Ω–µ –≤—ã—Å—Ç—Ä–∞–∏–≤–∞—é—Ç—Å—è –≤ –æ—á–µ—Ä–µ–¥—å –Ω–∞ –ø—Ä–∏–≤–∏–≤–∫—É –æ—Ç COVID-19,7,24,3,2538.0
34,2022-08-11 13:51:04,8,-214760660,-214760660,"üî•üî•üî• –£—á–∞—Å—Ç–Ω–∏–∫–∏ –º–µ—Ä–æ–ø—Ä–∏—è—Ç–∏—è ""–†–µ–π–¥ –¥–ª–∏–Ω–Ω–æ—é –≤ –∂–∏–∑–Ω—å"" - –≥—Ä—É–ø–ø–∞ [club189497720|the ROBO] üî•üî•üî• 

–°—Ç—Ä–µ–º–∏—Ç–µ–ª—å–Ω–æ –¥–µ–≥—Ä–∞–¥–∏—Ä—É—é—â–∏–π —á–µ–ª–æ–≤–µ—á–µ—Å–∫–∏–π –º–∏—Ä –∫–∞—Ç–∏—Ç—Å—è –∫ —Å–≤–æ–µ–º—É –Ω–µ–º–∏–Ω—É–µ–º–æ–º—É –∑–∞–∫–∞—Ç—É. –¢–æ–ª—å–∫–æ –∂–µ–ª–µ–∑–Ω—ã–µ —Ñ–æ—Ä–º—ã –∂–∏–∑–Ω–∏ –±—É–¥—É—Ç –ø–æ–≤–µ–ª–µ–≤–∞—Ç—å —ç—Ç–æ–π —Å—Ä–∞–Ω–æ–π –ø–ª–∞–Ω–µ—Ç–æ–π! –ß–µ–ª–æ–≤–µ–∫–∏! –°–ø–µ—à–∏—Ç–µ –ø–æ–∫–ª–æ–Ω–∏—Ç—å—Å—è —Å–≤–æ–∏–º –±—É–¥—É—â–∏–º —Ö–æ–∑—è–µ–≤–∞–º, –∞ —Å–¥–µ–ª–∞—Ç—å —ç—Ç–æ –º–æ–∂–Ω–æ –ø—Ä—è–º–æ –≤–æ –≤—Ä–µ–º—è –≤—ã—Å—Ç—É–ø–ª–µ–Ω–∏—è: 17 —Å–µ–Ω—Ç—è–±—Ä—è, –≤ –∫–ª—É–±–µ –†–∞–∑–≥—Ä—É–∑–∫–∞ ü§òüèªü§òüèªü§òüèª",5,21,6,360.0
43,2022-08-11 13:49:51,207946,-28134330,-28134330,–°–º–æ–ª–µ–Ω—Å–∫–∏–º –ø—Ä–µ–¥–ø—Ä–∏–Ω–∏–º–∞—Ç–µ–ª—è–º –¥–∞–ª–∏ —Å—Ä–æ–∫ –Ω–∞ —Ä–µ–≤–∞–∫—Ü–∏–Ω–∞—Ü–∏—é —Å–æ—Ç—Ä—É–¥–Ω–∏–∫–æ–≤ –ø—Ä–æ—Ç–∏–≤ COVID-19,2,4,3,1342.0
47,2022-08-11 13:49:03,138402,-26139619,-26139619,"–û–ø–µ—Ä–∞—Ç–∏–≤–Ω—ã–π —à—Ç–∞–± –õ–µ–Ω–∏–Ω–≥—Ä–∞–¥—Å–∫–æ–π –æ–±–ª–∞—Å—Ç–∏ —Å–æ–æ–±—â–∞–µ—Ç –æ 596 –Ω–æ–≤—ã—Ö —Å–ª—É—á–∞—è—Ö –∑–∞–±–æ–ª–µ–≤–∞–Ω–∏—è –∫–æ—Ä–æ–Ω–∞–≤–∏—Ä—É—Å–æ–º, –≤—ã—è–≤–ª–µ–Ω–Ω—ã—Ö –≤ –Ω–∞—Å–µ–ª–µ–Ω–Ω—ã—Ö –ø—É–Ω–∫—Ç–∞—Ö —Ä–µ–≥–∏–æ–Ω–µ. –í –ì–∞—Ç—á–∏–Ω—Å–∫–æ–º —Ä–∞–π–æ–Ω–µ –∑–∞–±–æ–ª–µ–ª–∏ 47 —á–µ–ª–æ–≤–µ–∫. –í —Ç–æ–º —á–∏—Å–ª–µ –≤ –ì–∞—Ç—á–∏–Ω–µ ‚Äì 18, –≤ –ö–æ–±—Ä–∞–ª–æ–≤–æ, –í–æ–π—Å–∫–æ–≤–∏—Ü–∞—Ö - –ø–æ 5, –≤ –ú–∞–ª—ã—Ö –ö–æ–ª–ø–∞–Ω–∞—Ö- 3, –ü—É–¥–æ–º—è–≥–∏, –ö–æ–º–º—É–Ω–∞—Ä, –ë–æ–ª—å—à–∏–µ –ö–æ–ª–ø–∞–Ω—ã- –ø–æ 2, –ö–æ–≤—à–æ–≤–æ, –í—ã—Ä–∏—Ü–∞, –ò–∑–æ—Ä–∞,–¢–µ—Ä–≤–æ–ª–æ–≤–æ, –õ–∞–º–ø–æ–≤–æ, –î—Ä—É–∂–Ω–∞—è –ì–æ—Ä–∫–∞, –ö–æ—Ä–ø–∏–∫–æ–≤–æ, –ó–∞–æ–∑–µ—Ä—å–µ, –õ—É–∫–∞—à–∏, –ù–∞—Ç–∞–ª—å–µ–≤–∫–∞- –ø–æ –æ–¥–Ω–æ–º—É –Ω–æ–≤–æ–º—É –ø–∞—Ü–∏–µ–Ω—Ç—É —Å –∫–æ—Ä–æ–Ω–æ–≤–∏—Ä—É—Å–æ–º.",1,1,0,1022.0
52,2022-08-11 13:46:05,13648,-206437599,-206437599,"–í —Å–æ–æ–±—â–µ—Å—Ç–≤–µ ¬´–ö–ª–∏–Ω–∏—á–µ—Å–∫–∏–µ –∏—Å—Å–ª–µ–¥–æ–≤–∞–Ω–∏—è –°–ü–± —Å–æ–æ–±—â–∏–ª–∏, —á—Ç–æ –∏–∑—É—á–∞—Ç—å –¥–æ–±—Ä–æ–≤–æ–ª—å—Ü–µ–≤ –≤—Ä–∞—á–∏ –Ω–∞—á–Ω—É—Ç 12 –∞–≤–≥—É—Å—Ç–∞, –≤–∞–∫—Ü–∏–Ω–∞—Ü–∏—è –ø–µ—Ä–≤—ã–º –∫–æ–º–ø–æ–Ω–µ–Ω—Ç–æ–º –Ω–∞–∑–Ω–∞—á–µ–Ω–∞ –Ω–∞ 24 –∞–≤–≥—É—Å—Ç–∞, –∞ 13 —Å–µ–Ω—Ç—è–±—Ä—è ‚Äî –≤—Ç–æ—Ä—ã–º. –ü—Ä–∏ —ç—Ç–æ–º –≤–ª–∏—Ç—å –≤ –Ω–æ—Å –º–æ–≥—É—Ç –∏ –ø–ª–∞—Ü–µ–±–æ. –ù–∞–±–ª—é–¥–∞—Ç—å—Å—è —É –≤—Ä–∞—á–µ–π –ø—Ä–µ–¥—Å—Ç–æ–∏—Ç –¥–æ –∫–æ–Ω—Ü–∞ –ª–µ—Ç–∞ —Å–ª–µ–¥—É—é—â–µ–≥–æ –≥–æ–¥–∞. –°—É–º–º–∞—Ä–Ω–æ –∑–∞ –≤—Ä–µ–º—è –∏—Å–ø—ã—Ç–∞–Ω–∏–π –¥–æ–±—Ä–æ–≤–æ–ª—å—Ü–∞–º –æ–±–µ—â–∞—é—Ç –≤—ã–ø–ª–∞—Ç–∏—Ç—å 55 —Ç—ã—Å—è—á —Ä—É–±–ª–µ–π. 
 
–ò—Å—Å–ª–µ–¥—É–µ–º—ã–π –ø—Ä–µ–ø–∞—Ä–∞—Ç –Ω–∞–∑—ã–≤–∞–µ—Ç—Å—è GNR-099. –£—Ç–æ—á–Ω—è–µ—Ç—Å—è, —á—Ç–æ –æ–Ω –ø–ª–æ—Ç—å –æ—Ç –ø–ª–æ—Ç–∏ ¬´–°–ø—É—Ç–Ω–∏–∫ V¬ª ‚Äî –∏–¥–µ–Ω—Ç–∏—á–µ–Ω –ø–æ —Å—Ç—Ä—É–∫—Ç—É—Ä–µ –∏ –≤—Å–ø–æ–º–æ–≥–∞—Ç–µ–ª—å–Ω—ã–º –≤–µ—â–µ—Å—Ç–≤–∞–º, –ø—Ä–æ–∏–∑–≤–µ–¥–µ–Ω –≤ —Ç–µ—Ö –∂–µ —É—Å–ª–æ–≤–∏—è—Ö –∏ –æ—Ç–ª–∏—á–∞–µ—Ç—Å—è –ø—É—Ç–µ–º –≤–≤–µ–¥–µ–Ω–∏—è ‚Äî —á–µ—Ä–µ–∑ –Ω–æ—Å.",21,21,13,912.0
57,2022-08-11 13:44:58,709,709724702,709724702,"–í –æ—Ç—á–µ—Ç–µ –≥–æ–≤–æ—Ä–∏—Ç—Å—è, —á—Ç–æ –ø–∞–Ω–¥–µ–º–∏—è, –≤–µ—Ä–æ—è—Ç–Ω–æ, –Ω–∞—á–∞–ª–∞—Å—å, –∫–æ–≥–¥–∞ –≤–∏—Ä—É—Å –ª–µ—Ç—É—á–∏—Ö –º—ã—à–µ–π —Ä–∞—Å–ø—Ä–æ—Å—Ç—Ä–∞–Ω–∏–ª—Å—è –Ω–∞ –¥—Ä—É–≥–æ–µ –∂–∏–≤–æ—Ç–Ω–æ–µ, –∞ –∑–∞—Ç–µ–º –Ω–∞ –ª—é–¥–µ–π, –∏ –±—ã–ª–æ —Ç—Ä–∏ –≤–æ–∑–º–æ–∂–Ω–æ—Å—Ç–∏. –í–∏—Ä—É—Å—ã –ø—Ä–∏–Ω–æ—Å—è—Ç –Ω–∞ –æ–±—â–µ—Å—Ç–≤–µ–Ω–Ω—ã–µ –º–µ—Ä–æ–ø—Ä–∏—è—Ç–∏—è –ª—é–¥–∏, –∂–∏–≤–æ—Ç–Ω—ã–µ –∏–ª–∏ –∑–∞–º–æ—Ä–æ–∂–µ–Ω–Ω—ã–µ –ø—Ä–æ–¥—É–∫—Ç—ã. –≠—Ç–æ —Ç–µ–æ—Ä–∏—è, –≤—ã–¥–≤–∏–Ω—É—Ç–∞—è –Ω–µ–∫–æ—Ç–æ—Ä—ã–º–∏, –≤ —Ç–æ–º —á–∏—Å–ª–µ –±—ã–≤—à–∏–º –¥–∏—Ä–µ–∫—Ç–æ—Ä–æ–º CDC –†–æ–±–µ—Ä—Ç–æ–º –†–µ–¥—Ñ–∏–ª–¥–æ–º, –∏ –Ω–∞—à–∏ –≥–æ–ª–æ—Å–∞ –Ω–µ–∑–∞–≤–∏—Å–∏–º—ã. –ï—Å–ª–∏ –µ—Å—Ç—å –ø–æ–ª–∏—Ç–∏—á–µ—Å–∫–æ–µ –≤–º–µ—à–∞—Ç–µ–ª—å—Å—Ç–≤–æ –≤ —Ç–æ, —á—Ç–æ –º—ã —Ö–æ—Ç–∏–º —Å–∫–∞–∑–∞—Ç—å, –∏–ª–∏ –µ—Å–ª–∏ –∫—Ç–æ-—Ç–æ —É–¥–∞–ª—è–µ—Ç —á–∞—Å—Ç–∏, —Å –∫–æ—Ç–æ—Ä—ã–º–∏ –º—ã –Ω–µ —Å–æ–≥–ª–∞—Å–Ω—ã, –Ω–µ—Ç, –º—ã –±—É–¥–µ–º —Å–æ–ø—Ä–æ—Ç–∏–≤–ª—è—Ç—å—Å—è. –ï—Å–ª–∏ –æ–Ω –Ω–µ –æ—Ç–≤–µ—Ç–∏—Ç, –º—ã –±—É–¥–µ–º –ø—Ä–æ—Å—Ç–æ —Ö–æ–¥–∏—Ç—å –∏ –≥–æ–≤–æ—Ä–∏—Ç—å, —á—Ç–æ –º—ã –Ω–µ –º–æ–∂–µ–º –µ–≥–æ –ø–æ–¥–ø–∏—Å–∞—Ç—å, –Ω–∞–º –ø—Ä–∏–¥–µ—Ç—Å—è –≤—ã–ø—É—Å—Ç–∏—Ç—å —Å–≤–æ–π —Å–æ–±—Å—Ç–≤–µ–Ω–Ω—ã–π –æ—Ç—á–µ—Ç.
https://www.npr.org/2021/03/29/982417629/the-origins-of-covid-19-who-report-points-to-a-bat-after-all",5,54,53,72.0
62,2022-08-11 13:43:44,679,709761581,709761581,"–í –æ—Ç—á–µ—Ç–µ –≥–æ–≤–æ—Ä–∏—Ç—Å—è, —á—Ç–æ –ø–∞–Ω–¥–µ–º–∏—è, –≤–µ—Ä–æ—è—Ç–Ω–æ, –Ω–∞—á–∞–ª–∞—Å—å, –∫–æ–≥–¥–∞ –≤–∏—Ä—É—Å –ª–µ—Ç—É—á–∏—Ö –º—ã—à–µ–π —Ä–∞—Å–ø—Ä–æ—Å—Ç—Ä–∞–Ω–∏–ª—Å—è –Ω–∞ –¥—Ä—É–≥–æ–µ –∂–∏–≤–æ—Ç–Ω–æ–µ, –∞ –∑–∞—Ç–µ–º –Ω–∞ –ª—é–¥–µ–π, –∏ –±—ã–ª–æ —Ç—Ä–∏ –≤–æ–∑–º–æ–∂–Ω–æ—Å—Ç–∏. –í–∏—Ä—É—Å—ã –ø—Ä–∏–Ω–æ—Å—è—Ç –Ω–∞ –æ–±—â–µ—Å—Ç–≤–µ–Ω–Ω—ã–µ –º–µ—Ä–æ–ø—Ä–∏—è—Ç–∏—è –ª—é–¥–∏, –∂–∏–≤–æ—Ç–Ω—ã–µ –∏–ª–∏ –∑–∞–º–æ—Ä–æ–∂–µ–Ω–Ω—ã–µ –ø—Ä–æ–¥—É–∫—Ç—ã. –≠—Ç–æ —Ç–µ–æ—Ä–∏—è, –≤—ã–¥–≤–∏–Ω—É—Ç–∞—è –Ω–µ–∫–æ—Ç–æ—Ä—ã–º–∏, –≤ —Ç–æ–º —á–∏—Å–ª–µ –±—ã–≤—à–∏–º –¥–∏—Ä–µ–∫—Ç–æ—Ä–æ–º CDC –†–æ–±–µ—Ä—Ç–æ–º –†–µ–¥—Ñ–∏–ª–¥–æ–º, –∏ –Ω–∞—à–∏ –≥–æ–ª–æ—Å–∞ –Ω–µ–∑–∞–≤–∏—Å–∏–º—ã. –ï—Å–ª–∏ –µ—Å—Ç—å –ø–æ–ª–∏—Ç–∏—á–µ—Å–∫–æ–µ –≤–º–µ—à–∞—Ç–µ–ª—å—Å—Ç–≤–æ –≤ —Ç–æ, —á—Ç–æ –º—ã —Ö–æ—Ç–∏–º —Å–∫–∞–∑–∞—Ç—å, –∏–ª–∏ –µ—Å–ª–∏ –∫—Ç–æ-—Ç–æ —É–¥–∞–ª—è–µ—Ç —á–∞—Å—Ç–∏, —Å –∫–æ—Ç–æ—Ä—ã–º–∏ –º—ã –Ω–µ —Å–æ–≥–ª–∞—Å–Ω—ã, –Ω–µ—Ç, –º—ã –±—É–¥–µ–º —Å–æ–ø—Ä–æ—Ç–∏–≤–ª—è—Ç—å—Å—è. –ï—Å–ª–∏ –æ–Ω –Ω–µ –æ—Ç–≤–µ—Ç–∏—Ç, –º—ã –±—É–¥–µ–º –ø—Ä–æ—Å—Ç–æ —Ö–æ–¥–∏—Ç—å –∏ –≥–æ–≤–æ—Ä–∏—Ç—å, —á—Ç–æ –º—ã –Ω–µ –º–æ–∂–µ–º –µ–≥–æ –ø–æ–¥–ø–∏—Å–∞—Ç—å, –Ω–∞–º –ø—Ä–∏–¥–µ—Ç—Å—è –≤—ã–ø—É—Å—Ç–∏—Ç—å —Å–≤–æ–π —Å–æ–±—Å—Ç–≤–µ–Ω–Ω—ã–π –æ—Ç—á–µ—Ç.
https://www.npr.org/2021/03/29/982417629/the-origins-of-covid-19-who-report-points-to-a-bat-after-all",5,53,53,58.0
63,2022-08-11 13:43:39,712,709724131,709724131,"–í –æ—Ç—á–µ—Ç–µ –≥–æ–≤–æ—Ä–∏—Ç—Å—è, —á—Ç–æ –ø–∞–Ω–¥–µ–º–∏—è, –≤–µ—Ä–æ—è—Ç–Ω–æ, –Ω–∞—á–∞–ª–∞—Å—å, –∫–æ–≥–¥–∞ –≤–∏—Ä—É—Å –ª–µ—Ç—É—á–∏—Ö –º—ã—à–µ–π —Ä–∞—Å–ø—Ä–æ—Å—Ç—Ä–∞–Ω–∏–ª—Å—è –Ω–∞ –¥—Ä—É–≥–æ–µ –∂–∏–≤–æ—Ç–Ω–æ–µ, –∞ –∑–∞—Ç–µ–º –Ω–∞ –ª—é–¥–µ–π, –∏ –±—ã–ª–æ —Ç—Ä–∏ –≤–æ–∑–º–æ–∂–Ω–æ—Å—Ç–∏. –í–∏—Ä—É—Å—ã –ø—Ä–∏–Ω–æ—Å—è—Ç –Ω–∞ –æ–±—â–µ—Å—Ç–≤–µ–Ω–Ω—ã–µ –º–µ—Ä–æ–ø—Ä–∏—è—Ç–∏—è –ª—é–¥–∏, –∂–∏–≤–æ—Ç–Ω—ã–µ –∏–ª–∏ –∑–∞–º–æ—Ä–æ–∂–µ–Ω–Ω—ã–µ –ø—Ä–æ–¥—É–∫—Ç—ã. –≠—Ç–æ —Ç–µ–æ—Ä–∏—è, –≤—ã–¥–≤–∏–Ω—É—Ç–∞—è –Ω–µ–∫–æ—Ç–æ—Ä—ã–º–∏, –≤ —Ç–æ–º —á–∏—Å–ª–µ –±—ã–≤—à–∏–º –¥–∏—Ä–µ–∫—Ç–æ—Ä–æ–º CDC –†–æ–±–µ—Ä—Ç–æ–º –†–µ–¥—Ñ–∏–ª–¥–æ–º, –∏ –Ω–∞—à–∏ –≥–æ–ª–æ—Å–∞ –Ω–µ–∑–∞–≤–∏—Å–∏–º—ã. –ï—Å–ª–∏ –µ—Å—Ç—å –ø–æ–ª–∏—Ç–∏—á–µ—Å–∫–æ–µ –≤–º–µ—à–∞—Ç–µ–ª—å—Å—Ç–≤–æ –≤ —Ç–æ, —á—Ç–æ –º—ã —Ö–æ—Ç–∏–º —Å–∫–∞–∑–∞—Ç—å, –∏–ª–∏ –µ—Å–ª–∏ –∫—Ç–æ-—Ç–æ —É–¥–∞–ª—è–µ—Ç —á–∞—Å—Ç–∏, —Å –∫–æ—Ç–æ—Ä—ã–º–∏ –º—ã –Ω–µ —Å–æ–≥–ª–∞—Å–Ω—ã, –Ω–µ—Ç, –º—ã –±—É–¥–µ–º —Å–æ–ø—Ä–æ—Ç–∏–≤–ª—è—Ç—å—Å—è. –ï—Å–ª–∏ –æ–Ω –Ω–µ –æ—Ç–≤–µ—Ç–∏—Ç, –º—ã –±—É–¥–µ–º –ø—Ä–æ—Å—Ç–æ —Ö–æ–¥–∏—Ç—å –∏ –≥–æ–≤–æ—Ä–∏—Ç—å, —á—Ç–æ –º—ã –Ω–µ –º–æ–∂–µ–º –µ–≥–æ –ø–æ–¥–ø–∏—Å–∞—Ç—å, –Ω–∞–º –ø—Ä–∏–¥–µ—Ç—Å—è –≤—ã–ø—É—Å—Ç–∏—Ç—å —Å–≤–æ–π —Å–æ–±—Å—Ç–≤–µ–Ω–Ω—ã–π –æ—Ç—á–µ—Ç.
https://www.npr.org/2021/03/29/982417629/the-origins-of-covid-19-who-report-points-to-a-bat-after-all",5,53,53,63.0
64,2022-08-11 13:43:35,717,709725308,709725308,"–í –æ—Ç—á–µ—Ç–µ –≥–æ–≤–æ—Ä–∏—Ç—Å—è, —á—Ç–æ –ø–∞–Ω–¥–µ–º–∏—è, –≤–µ—Ä–æ—è—Ç–Ω–æ, –Ω–∞—á–∞–ª–∞—Å—å, –∫–æ–≥–¥–∞ –≤–∏—Ä—É—Å –ª–µ—Ç—É—á–∏—Ö –º—ã—à–µ–π —Ä–∞—Å–ø—Ä–æ—Å—Ç—Ä–∞–Ω–∏–ª—Å—è –Ω–∞ –¥—Ä—É–≥–æ–µ –∂–∏–≤–æ—Ç–Ω–æ–µ, –∞ –∑–∞—Ç–µ–º –Ω–∞ –ª—é–¥–µ–π, –∏ –±—ã–ª–æ —Ç—Ä–∏ –≤–æ–∑–º–æ–∂–Ω–æ—Å—Ç–∏. –í–∏—Ä—É—Å—ã –ø—Ä–∏–Ω–æ—Å—è—Ç –Ω–∞ –æ–±—â–µ—Å—Ç–≤–µ–Ω–Ω—ã–µ –º–µ—Ä–æ–ø—Ä–∏—è—Ç–∏—è –ª—é–¥–∏, –∂–∏–≤–æ—Ç–Ω—ã–µ –∏–ª–∏ –∑–∞–º–æ—Ä–æ–∂–µ–Ω–Ω—ã–µ –ø—Ä–æ–¥—É–∫—Ç—ã. –≠—Ç–æ —Ç–µ–æ—Ä–∏—è, –≤—ã–¥–≤–∏–Ω—É—Ç–∞—è –Ω–µ–∫–æ—Ç–æ—Ä—ã–º–∏, –≤ —Ç–æ–º —á–∏—Å–ª–µ –±—ã–≤—à–∏–º –¥–∏—Ä–µ–∫—Ç–æ—Ä–æ–º CDC –†–æ–±–µ—Ä—Ç–æ–º –†–µ–¥—Ñ–∏–ª–¥–æ–º, –∏ –Ω–∞—à–∏ –≥–æ–ª–æ—Å–∞ –Ω–µ–∑–∞–≤–∏—Å–∏–º—ã. –ï—Å–ª–∏ –µ—Å—Ç—å –ø–æ–ª–∏—Ç–∏—á–µ—Å–∫–æ–µ –≤–º–µ—à–∞—Ç–µ–ª—å—Å—Ç–≤–æ –≤ —Ç–æ, —á—Ç–æ –º—ã —Ö–æ—Ç–∏–º —Å–∫–∞–∑–∞—Ç—å, –∏–ª–∏ –µ—Å–ª–∏ –∫—Ç–æ-—Ç–æ —É–¥–∞–ª—è–µ—Ç —á–∞—Å—Ç–∏, —Å –∫–æ—Ç–æ—Ä—ã–º–∏ –º—ã –Ω–µ —Å–æ–≥–ª–∞—Å–Ω—ã, –Ω–µ—Ç, –º—ã –±—É–¥–µ–º —Å–æ–ø—Ä–æ—Ç–∏–≤–ª—è—Ç—å—Å—è. –ï—Å–ª–∏ –æ–Ω –Ω–µ –æ—Ç–≤–µ—Ç–∏—Ç, –º—ã –±—É–¥–µ–º –ø—Ä–æ—Å—Ç–æ —Ö–æ–¥–∏—Ç—å –∏ –≥–æ–≤–æ—Ä–∏—Ç—å, —á—Ç–æ –º—ã –Ω–µ –º–æ–∂–µ–º –µ–≥–æ –ø–æ–¥–ø–∏—Å–∞—Ç—å, –Ω–∞–º –ø—Ä–∏–¥–µ—Ç—Å—è –≤—ã–ø—É—Å—Ç–∏—Ç—å —Å–≤–æ–π —Å–æ–±—Å—Ç–≤–µ–Ω–Ω—ã–π –æ—Ç—á–µ—Ç.
https://www.npr.org/2021/03/29/982417629/the-origins-of-covid-19-who-report-points-to-a-bat-after-all",5,53,53,61.0
65,2022-08-11 13:43:26,709,709723842,709723842,"–í –æ—Ç—á–µ—Ç–µ –≥–æ–≤–æ—Ä–∏—Ç—Å—è, —á—Ç–æ –ø–∞–Ω–¥–µ–º–∏—è, –≤–µ—Ä–æ—è—Ç–Ω–æ, –Ω–∞—á–∞–ª–∞—Å—å, –∫–æ–≥–¥–∞ –≤–∏—Ä—É—Å –ª–µ—Ç—É—á–∏—Ö –º—ã—à–µ–π —Ä–∞—Å–ø—Ä–æ—Å—Ç—Ä–∞–Ω–∏–ª—Å—è –Ω–∞ –¥—Ä—É–≥–æ–µ –∂–∏–≤–æ—Ç–Ω–æ–µ, –∞ –∑–∞—Ç–µ–º –Ω–∞ –ª—é–¥–µ–π, –∏ –±—ã–ª–æ —Ç—Ä–∏ –≤–æ–∑–º–æ–∂–Ω–æ—Å—Ç–∏. –í–∏—Ä—É—Å—ã –ø—Ä–∏–Ω–æ—Å—è—Ç –Ω–∞ –æ–±—â–µ—Å—Ç–≤–µ–Ω–Ω—ã–µ –º–µ—Ä–æ–ø—Ä–∏—è—Ç–∏—è –ª—é–¥–∏, –∂–∏–≤–æ—Ç–Ω—ã–µ –∏–ª–∏ –∑–∞–º–æ—Ä–æ–∂–µ–Ω–Ω—ã–µ –ø—Ä–æ–¥—É–∫—Ç—ã. –≠—Ç–æ —Ç–µ–æ—Ä–∏—è, –≤—ã–¥–≤–∏–Ω—É—Ç–∞—è –Ω–µ–∫–æ—Ç–æ—Ä—ã–º–∏, –≤ —Ç–æ–º —á–∏—Å–ª–µ –±—ã–≤—à–∏–º –¥–∏—Ä–µ–∫—Ç–æ—Ä–æ–º CDC –†–æ–±–µ—Ä—Ç–æ–º –†–µ–¥—Ñ–∏–ª–¥–æ–º, –∏ –Ω–∞—à–∏ –≥–æ–ª–æ—Å–∞ –Ω–µ–∑–∞–≤–∏—Å–∏–º—ã. –ï—Å–ª–∏ –µ—Å—Ç—å –ø–æ–ª–∏—Ç–∏—á–µ—Å–∫–æ–µ –≤–º–µ—à–∞—Ç–µ–ª—å—Å—Ç–≤–æ –≤ —Ç–æ, —á—Ç–æ –º—ã —Ö–æ—Ç–∏–º —Å–∫–∞–∑–∞—Ç—å, –∏–ª–∏ –µ—Å–ª–∏ –∫—Ç–æ-—Ç–æ —É–¥–∞–ª—è–µ—Ç —á–∞—Å—Ç–∏, —Å –∫–æ—Ç–æ—Ä—ã–º–∏ –º—ã –Ω–µ —Å–æ–≥–ª–∞—Å–Ω—ã, –Ω–µ—Ç, –º—ã –±—É–¥–µ–º —Å–æ–ø—Ä–æ—Ç–∏–≤–ª—è—Ç—å—Å—è. –ï—Å–ª–∏ –æ–Ω –Ω–µ –æ—Ç–≤–µ—Ç–∏—Ç, –º—ã –±—É–¥–µ–º –ø—Ä–æ—Å—Ç–æ —Ö–æ–¥–∏—Ç—å –∏ –≥–æ–≤–æ—Ä–∏—Ç—å, —á—Ç–æ –º—ã –Ω–µ –º–æ–∂–µ–º –µ–≥–æ –ø–æ–¥–ø–∏—Å–∞—Ç—å, –Ω–∞–º –ø—Ä–∏–¥–µ—Ç—Å—è –≤—ã–ø—É—Å—Ç–∏—Ç—å —Å–≤–æ–π —Å–æ–±—Å—Ç–≤–µ–Ω–Ω—ã–π –æ—Ç—á–µ—Ç.
https://www.npr.org/2021/03/29/982417629/the-origins-of-covid-19-who-report-points-to-a-bat-after-all",5,53,53,61.0
66,2022-08-11 13:43:17,748,709761553,709761553,"–í –æ—Ç—á–µ—Ç–µ –≥–æ–≤–æ—Ä–∏—Ç—Å—è, —á—Ç–æ –ø–∞–Ω–¥–µ–º–∏—è, –≤–µ—Ä–æ—è—Ç–Ω–æ, –Ω–∞—á–∞–ª–∞—Å—å, –∫–æ–≥–¥–∞ –≤–∏—Ä—É—Å –ª–µ—Ç—É—á–∏—Ö –º—ã—à–µ–π —Ä–∞—Å–ø—Ä–æ—Å—Ç—Ä–∞–Ω–∏–ª—Å—è –Ω–∞ –¥—Ä—É–≥–æ–µ –∂–∏–≤–æ—Ç–Ω–æ–µ, –∞ –∑–∞—Ç–µ–º –Ω–∞ –ª—é–¥–µ–π, –∏ –±—ã–ª–æ —Ç—Ä–∏ –≤–æ–∑–º–æ–∂–Ω–æ—Å—Ç–∏. –í–∏—Ä—É—Å—ã –ø—Ä–∏–Ω–æ—Å—è—Ç –Ω–∞ –æ–±—â–µ—Å—Ç–≤–µ–Ω–Ω—ã–µ –º–µ—Ä–æ–ø—Ä–∏—è—Ç–∏—è –ª—é–¥–∏, –∂–∏–≤–æ—Ç–Ω—ã–µ –∏–ª–∏ –∑–∞–º–æ—Ä–æ–∂–µ–Ω–Ω—ã–µ –ø—Ä–æ–¥—É–∫—Ç—ã. –≠—Ç–æ —Ç–µ–æ—Ä–∏—è, –≤—ã–¥–≤–∏–Ω—É—Ç–∞—è –Ω–µ–∫–æ—Ç–æ—Ä—ã–º–∏, –≤ —Ç–æ–º —á–∏—Å–ª–µ –±—ã–≤—à–∏–º –¥–∏—Ä–µ–∫—Ç–æ—Ä–æ–º CDC –†–æ–±–µ—Ä—Ç–æ–º –†–µ–¥—Ñ–∏–ª–¥–æ–º, –∏ –Ω–∞—à–∏ –≥–æ–ª–æ—Å–∞ –Ω–µ–∑–∞–≤–∏—Å–∏–º—ã. –ï—Å–ª–∏ –µ—Å—Ç—å –ø–æ–ª–∏—Ç–∏—á–µ—Å–∫–æ–µ –≤–º–µ—à–∞—Ç–µ–ª—å—Å—Ç–≤–æ –≤ —Ç–æ, —á—Ç–æ –º—ã —Ö–æ—Ç–∏–º —Å–∫–∞–∑–∞—Ç—å, –∏–ª–∏ –µ—Å–ª–∏ –∫—Ç–æ-—Ç–æ —É–¥–∞–ª—è–µ—Ç —á–∞—Å—Ç–∏, —Å –∫–æ—Ç–æ—Ä—ã–º–∏ –º—ã –Ω–µ —Å–æ–≥–ª–∞—Å–Ω—ã, –Ω–µ—Ç, –º—ã –±—É–¥–µ–º —Å–æ–ø—Ä–æ—Ç–∏–≤–ª—è—Ç—å—Å—è. –ï—Å–ª–∏ –æ–Ω –Ω–µ –æ—Ç–≤–µ—Ç–∏—Ç, –º—ã –±—É–¥–µ–º –ø—Ä–æ—Å—Ç–æ —Ö–æ–¥–∏—Ç—å –∏ –≥–æ–≤–æ—Ä–∏—Ç—å, —á—Ç–æ –º—ã –Ω–µ –º–æ–∂–µ–º –µ–≥–æ –ø–æ–¥–ø–∏—Å–∞—Ç—å, –Ω–∞–º –ø—Ä–∏–¥–µ—Ç—Å—è –≤—ã–ø—É—Å—Ç–∏—Ç—å —Å–≤–æ–π —Å–æ–±—Å—Ç–≤–µ–Ω–Ω—ã–π –æ—Ç—á–µ—Ç.
https://www.npr.org/2021/03/29/982417629/the-origins-of-covid-19-who-report-points-to-a-bat-after-all",5,53,53,61.0
67,2022-08-11 13:43:05,724,709724288,709724288,"–í –æ—Ç—á–µ—Ç–µ –≥–æ–≤–æ—Ä–∏—Ç—Å—è, —á—Ç–æ –ø–∞–Ω–¥–µ–º–∏—è, –≤–µ—Ä–æ—è—Ç–Ω–æ, –Ω–∞—á–∞–ª–∞—Å—å, –∫–æ–≥–¥–∞ –≤–∏—Ä—É—Å –ª–µ—Ç—É—á–∏—Ö –º—ã—à–µ–π —Ä–∞—Å–ø—Ä–æ—Å—Ç—Ä–∞–Ω–∏–ª—Å—è –Ω–∞ –¥—Ä—É–≥–æ–µ –∂–∏–≤–æ—Ç–Ω–æ–µ, –∞ –∑–∞—Ç–µ–º –Ω–∞ –ª—é–¥–µ–π, –∏ –±—ã–ª–æ —Ç—Ä–∏ –≤–æ–∑–º–æ–∂–Ω–æ—Å—Ç–∏. –í–∏—Ä—É—Å—ã –ø—Ä–∏–Ω–æ—Å—è—Ç –Ω–∞ –æ–±—â–µ—Å—Ç–≤–µ–Ω–Ω—ã–µ –º–µ—Ä–æ–ø—Ä–∏—è—Ç–∏—è –ª—é–¥–∏, –∂–∏–≤–æ—Ç–Ω—ã–µ –∏–ª–∏ –∑–∞–º–æ—Ä–æ–∂–µ–Ω–Ω—ã–µ –ø—Ä–æ–¥—É–∫—Ç—ã. –≠—Ç–æ —Ç–µ–æ—Ä–∏—è, –≤—ã–¥–≤–∏–Ω—É—Ç–∞—è –Ω–µ–∫–æ—Ç–æ—Ä—ã–º–∏, –≤ —Ç–æ–º —á–∏—Å–ª–µ –±—ã–≤—à–∏–º –¥–∏—Ä–µ–∫—Ç–æ—Ä–æ–º CDC –†–æ–±–µ—Ä—Ç–æ–º –†–µ–¥—Ñ–∏–ª–¥–æ–º, –∏ –Ω–∞—à–∏ –≥–æ–ª–æ—Å–∞ –Ω–µ–∑–∞–≤–∏—Å–∏–º—ã. –ï—Å–ª–∏ –µ—Å—Ç—å –ø–æ–ª–∏—Ç–∏—á–µ—Å–∫–æ–µ –≤–º–µ—à–∞—Ç–µ–ª—å—Å—Ç–≤–æ –≤ —Ç–æ, —á—Ç–æ –º—ã —Ö–æ—Ç–∏–º —Å–∫–∞–∑–∞—Ç—å, –∏–ª–∏ –µ—Å–ª–∏ –∫—Ç–æ-—Ç–æ —É–¥–∞–ª—è–µ—Ç —á–∞—Å—Ç–∏, —Å –∫–æ—Ç–æ—Ä—ã–º–∏ –º—ã –Ω–µ —Å–æ–≥–ª–∞—Å–Ω—ã, –Ω–µ—Ç, –º—ã –±—É–¥–µ–º —Å–æ–ø—Ä–æ—Ç–∏–≤–ª—è—Ç—å—Å—è. –ï—Å–ª–∏ –æ–Ω –Ω–µ –æ—Ç–≤–µ—Ç–∏—Ç, –º—ã –±—É–¥–µ–º –ø—Ä–æ—Å—Ç–æ —Ö–æ–¥–∏—Ç—å –∏ –≥–æ–≤–æ—Ä–∏—Ç—å, —á—Ç–æ –º—ã –Ω–µ –º–æ–∂–µ–º –µ–≥–æ –ø–æ–¥–ø–∏—Å–∞—Ç—å, –Ω–∞–º –ø—Ä–∏–¥–µ—Ç—Å—è –≤—ã–ø—É—Å—Ç–∏—Ç—å —Å–≤–æ–π —Å–æ–±—Å—Ç–≤–µ–Ω–Ω—ã–π –æ—Ç—á–µ—Ç.
https://www.npr.org/2021/03/29/982417629/the-origins-of-covid-19-who-report-points-to-a-bat-after-all",5,53,53,67.0
68,2022-08-11 13:42:56,711,709724053,709724053,"–í –æ—Ç—á–µ—Ç–µ –≥–æ–≤–æ—Ä–∏—Ç—Å—è, —á—Ç–æ –ø–∞–Ω–¥–µ–º–∏—è, –≤–µ—Ä–æ—è—Ç–Ω–æ, –Ω–∞—á–∞–ª–∞—Å—å, –∫–æ–≥–¥–∞ –≤–∏—Ä—É—Å –ª–µ—Ç—É—á–∏—Ö –º—ã—à–µ–π —Ä–∞—Å–ø—Ä–æ—Å—Ç—Ä–∞–Ω–∏–ª—Å—è –Ω–∞ –¥—Ä—É–≥–æ–µ –∂–∏–≤–æ—Ç–Ω–æ–µ, –∞ –∑–∞—Ç–µ–º –Ω–∞ –ª—é–¥–µ–π, –∏ –±—ã–ª–æ —Ç—Ä–∏ –≤–æ–∑–º–æ–∂–Ω–æ—Å—Ç–∏. –í–∏—Ä—É—Å—ã –ø—Ä–∏–Ω–æ—Å—è—Ç –Ω–∞ –æ–±—â–µ—Å—Ç–≤–µ–Ω–Ω—ã–µ –º–µ—Ä–æ–ø—Ä–∏—è—Ç–∏—è –ª—é–¥–∏, –∂–∏–≤–æ—Ç–Ω—ã–µ –∏–ª–∏ –∑–∞–º–æ—Ä–æ–∂–µ–Ω–Ω—ã–µ –ø—Ä–æ–¥—É–∫—Ç—ã. –≠—Ç–æ —Ç–µ–æ—Ä–∏—è, –≤—ã–¥–≤–∏–Ω—É—Ç–∞—è –Ω–µ–∫–æ—Ç–æ—Ä—ã–º–∏, –≤ —Ç–æ–º —á–∏—Å–ª–µ –±—ã–≤—à–∏–º –¥–∏—Ä–µ–∫—Ç–æ—Ä–æ–º CDC –†–æ–±–µ—Ä—Ç–æ–º –†–µ–¥—Ñ–∏–ª–¥–æ–º, –∏ –Ω–∞—à–∏ –≥–æ–ª–æ—Å–∞ –Ω–µ–∑–∞–≤–∏—Å–∏–º—ã. –ï—Å–ª–∏ –µ—Å—Ç—å –ø–æ–ª–∏—Ç–∏—á–µ—Å–∫–æ–µ –≤–º–µ—à–∞—Ç–µ–ª—å—Å—Ç–≤–æ –≤ —Ç–æ, —á—Ç–æ –º—ã —Ö–æ—Ç–∏–º —Å–∫–∞–∑–∞—Ç—å, –∏–ª–∏ –µ—Å–ª–∏ –∫—Ç–æ-—Ç–æ —É–¥–∞–ª—è–µ—Ç —á–∞—Å—Ç–∏, —Å –∫–æ—Ç–æ—Ä—ã–º–∏ –º—ã –Ω–µ —Å–æ–≥–ª–∞—Å–Ω—ã, –Ω–µ—Ç, –º—ã –±—É–¥–µ–º —Å–æ–ø—Ä–æ—Ç–∏–≤–ª—è—Ç—å—Å—è. –ï—Å–ª–∏ –æ–Ω –Ω–µ –æ—Ç–≤–µ—Ç–∏—Ç, –º—ã –±—É–¥–µ–º –ø—Ä–æ—Å—Ç–æ —Ö–æ–¥–∏—Ç—å –∏ –≥–æ–≤–æ—Ä–∏—Ç—å, —á—Ç–æ –º—ã –Ω–µ –º–æ–∂–µ–º –µ–≥–æ –ø–æ–¥–ø–∏—Å–∞—Ç—å, –Ω–∞–º –ø—Ä–∏–¥–µ—Ç—Å—è –≤—ã–ø—É—Å—Ç–∏—Ç—å —Å–≤–æ–π —Å–æ–±—Å—Ç–≤–µ–Ω–Ω—ã–π –æ—Ç—á–µ—Ç.
https://www.npr.org/2021/03/29/982417629/the-origins-of-covid-19-who-report-points-to-a-bat-after-all",5,53,53,64.0
69,2022-08-11 13:42:53,705,709724119,709724119,"–í –æ—Ç—á–µ—Ç–µ –≥–æ–≤–æ—Ä–∏—Ç—Å—è, —á—Ç–æ –ø–∞–Ω–¥–µ–º–∏—è, –≤–µ—Ä–æ—è—Ç–Ω–æ, –Ω–∞—á–∞–ª–∞—Å—å, –∫–æ–≥–¥–∞ –≤–∏—Ä—É—Å –ª–µ—Ç—É—á–∏—Ö –º—ã—à–µ–π —Ä–∞—Å–ø—Ä–æ—Å—Ç—Ä–∞–Ω–∏–ª—Å—è –Ω–∞ –¥—Ä—É–≥–æ–µ –∂–∏–≤–æ—Ç–Ω–æ–µ, –∞ –∑–∞—Ç–µ–º –Ω–∞ –ª—é–¥–µ–π, –∏ –±—ã–ª–æ —Ç—Ä–∏ –≤–æ–∑–º–æ–∂–Ω–æ—Å—Ç–∏. –í–∏—Ä—É—Å—ã –ø—Ä–∏–Ω–æ—Å—è—Ç –Ω–∞ –æ–±—â–µ—Å—Ç–≤–µ–Ω–Ω—ã–µ –º–µ—Ä–æ–ø—Ä–∏—è—Ç–∏—è –ª—é–¥–∏, –∂–∏–≤–æ—Ç–Ω—ã–µ –∏–ª–∏ –∑–∞–º–æ—Ä–æ–∂–µ–Ω–Ω—ã–µ –ø—Ä–æ–¥—É–∫—Ç—ã. –≠—Ç–æ —Ç–µ–æ—Ä–∏—è, –≤—ã–¥–≤–∏–Ω—É—Ç–∞—è –Ω–µ–∫–æ—Ç–æ—Ä—ã–º–∏, –≤ —Ç–æ–º —á–∏—Å–ª–µ –±—ã–≤—à–∏–º –¥–∏—Ä–µ–∫—Ç–æ—Ä–æ–º CDC –†–æ–±–µ—Ä—Ç–æ–º –†–µ–¥—Ñ–∏–ª–¥–æ–º, –∏ –Ω–∞—à–∏ –≥–æ–ª–æ—Å–∞ –Ω–µ–∑–∞–≤–∏—Å–∏–º—ã. –ï—Å–ª–∏ –µ—Å—Ç—å –ø–æ–ª–∏—Ç–∏—á–µ—Å–∫–æ–µ –≤–º–µ—à–∞—Ç–µ–ª—å—Å—Ç–≤–æ –≤ —Ç–æ, —á—Ç–æ –º—ã —Ö–æ—Ç–∏–º —Å–∫–∞–∑–∞—Ç—å, –∏–ª–∏ –µ—Å–ª–∏ –∫—Ç–æ-—Ç–æ —É–¥–∞–ª—è–µ—Ç —á–∞—Å—Ç–∏, —Å –∫–æ—Ç–æ—Ä—ã–º–∏ –º—ã –Ω–µ —Å–æ–≥–ª–∞—Å–Ω—ã, –Ω–µ—Ç, –º—ã –±—É–¥–µ–º —Å–æ–ø—Ä–æ—Ç–∏–≤–ª—è—Ç—å—Å—è. –ï—Å–ª–∏ –æ–Ω –Ω–µ –æ—Ç–≤–µ—Ç–∏—Ç, –º—ã –±—É–¥–µ–º –ø—Ä–æ—Å—Ç–æ —Ö–æ–¥–∏—Ç—å –∏ –≥–æ–≤–æ—Ä–∏—Ç—å, —á—Ç–æ –º—ã –Ω–µ –º–æ–∂–µ–º –µ–≥–æ –ø–æ–¥–ø–∏—Å–∞—Ç—å, –Ω–∞–º –ø—Ä–∏–¥–µ—Ç—Å—è –≤—ã–ø—É—Å—Ç–∏—Ç—å —Å–≤–æ–π —Å–æ–±—Å—Ç–≤–µ–Ω–Ω—ã–π –æ—Ç—á–µ—Ç.
https://www.npr.org/2021/03/29/982417629/the-origins-of-covid-19-who-report-points-to-a-bat-after-all",5,53,53,65.0
70,2022-08-11 13:42:48,707,709724115,709724115,"–í –æ—Ç—á–µ—Ç–µ –≥–æ–≤–æ—Ä–∏—Ç—Å—è, —á—Ç–æ –ø–∞–Ω–¥–µ–º–∏—è, –≤–µ—Ä–æ—è—Ç–Ω–æ, –Ω–∞—á–∞–ª–∞—Å—å, –∫–æ–≥–¥–∞ –≤–∏—Ä—É—Å –ª–µ—Ç—É—á–∏—Ö –º—ã—à–µ–π —Ä–∞—Å–ø—Ä–æ—Å—Ç—Ä–∞–Ω–∏–ª—Å—è –Ω–∞ –¥—Ä—É–≥–æ–µ –∂–∏–≤–æ—Ç–Ω–æ–µ, –∞ –∑–∞—Ç–µ–º –Ω–∞ –ª—é–¥–µ–π, –∏ –±—ã–ª–æ —Ç—Ä–∏ –≤–æ–∑–º–æ–∂–Ω–æ—Å—Ç–∏. –í–∏—Ä—É—Å—ã –ø—Ä–∏–Ω–æ—Å—è—Ç –Ω–∞ –æ–±—â–µ—Å—Ç–≤–µ–Ω–Ω—ã–µ –º–µ—Ä–æ–ø—Ä–∏—è—Ç–∏—è –ª—é–¥–∏, –∂–∏–≤–æ—Ç–Ω—ã–µ –∏–ª–∏ –∑–∞–º–æ—Ä–æ–∂–µ–Ω–Ω—ã–µ –ø—Ä–æ–¥—É–∫—Ç—ã. –≠—Ç–æ —Ç–µ–æ—Ä–∏—è, –≤—ã–¥–≤–∏–Ω—É—Ç–∞—è –Ω–µ–∫–æ—Ç–æ—Ä—ã–º–∏, –≤ —Ç–æ–º —á–∏—Å–ª–µ –±—ã–≤—à–∏–º –¥–∏—Ä–µ–∫—Ç–æ—Ä–æ–º CDC –†–æ–±–µ—Ä—Ç–æ–º –†–µ–¥—Ñ–∏–ª–¥–æ–º, –∏ –Ω–∞—à–∏ –≥–æ–ª–æ—Å–∞ –Ω–µ–∑–∞–≤–∏—Å–∏–º—ã. –ï—Å–ª–∏ –µ—Å—Ç—å –ø–æ–ª–∏—Ç–∏—á–µ—Å–∫–æ–µ –≤–º–µ—à–∞—Ç–µ–ª—å—Å—Ç–≤–æ –≤ —Ç–æ, —á—Ç–æ –º—ã —Ö–æ—Ç–∏–º —Å–∫–∞–∑–∞—Ç—å, –∏–ª–∏ –µ—Å–ª–∏ –∫—Ç–æ-—Ç–æ —É–¥–∞–ª—è–µ—Ç —á–∞—Å—Ç–∏, —Å –∫–æ—Ç–æ—Ä—ã–º–∏ –º—ã –Ω–µ —Å–æ–≥–ª–∞—Å–Ω—ã, –Ω–µ—Ç, –º—ã –±—É–¥–µ–º —Å–æ–ø—Ä–æ—Ç–∏–≤–ª—è—Ç—å—Å—è. –ï—Å–ª–∏ –æ–Ω –Ω–µ –æ—Ç–≤–µ—Ç–∏—Ç, –º—ã –±—É–¥–µ–º –ø—Ä–æ—Å—Ç–æ —Ö–æ–¥–∏—Ç—å –∏ –≥–æ–≤–æ—Ä–∏—Ç—å, —á—Ç–æ –º—ã –Ω–µ –º–æ–∂–µ–º –µ–≥–æ –ø–æ–¥–ø–∏—Å–∞—Ç—å, –Ω–∞–º –ø—Ä–∏–¥–µ—Ç—Å—è –≤—ã–ø—É—Å—Ç–∏—Ç—å —Å–≤–æ–π —Å–æ–±—Å—Ç–≤–µ–Ω–Ω—ã–π –æ—Ç—á–µ—Ç.
https://www.npr.org/2021/03/29/982417629/the-origins-of-covid-19-who-report-points-to-a-bat-after-all",5,53,53,65.0
73,2022-08-11 13:42:34,158307,-38223538,-38223538,"ü¶†–í –†–æ—Å—Å–∏–∏ –æ–±–Ω–∞—Ä—É–∂–∏–ª–∏ –Ω–æ–≤—ã–π —à—Ç–∞–º–º –∫–æ—Ä–æ–Ω–∞–≤–∏—Ä—É—Å–∞ ¬´—Ä—É—Å—Å–∫–∏–π –¥–µ–ª—å—Ç–∞–∫—Ä–æ–Ω¬ª

–í –†–æ—Å—Å–∏–∏ —É—á–µ–Ω—ã–µ –≤—ã—è–≤–∏–ª–∏ –Ω–æ–≤—ã–π –≤–∞—Ä–∏–∞–Ω—Ç –∫–æ—Ä–æ–Ω–∞–≤–∏—Ä—É—Å–∞, –∫–æ—Ç–æ—Ä—ã–π –ø–æ–∫–∞ –Ω–µ –±—ã–ª –∑–∞–º–µ—á–µ–Ω –≤ –¥—Ä—É–≥–∏—Ö —Å—Ç—Ä–∞–Ω–∞—Ö. –≠—Ç–æ –≥–∏–±—Ä–∏–¥ –¥–≤—É—Ö —à—Ç–∞–º–º–æ–≤ ‚Äì ¬´–æ–º–∏–∫—Ä–æ–Ω¬ª –∏ ¬´–¥–µ–ª—å—Ç–∞¬ª. –û–ø–∞—Å–Ω–æ—Å—Ç—å ¬´—Ä—É—Å—Å–∫–æ–≥–æ –¥–µ–ª—å—Ç–∞–∫—Ä–æ–Ω–∞¬ª –µ—â–µ –ø—Ä–µ–¥—Å—Ç–æ–∏—Ç –∏–∑—É—á–∏—Ç—å. 
 
–í–ø–µ—Ä–≤—ã–µ –≥–∏–±—Ä–∏–¥–Ω—ã–π –≤–∏—Ä—É—Å –æ–±–Ω–∞—Ä—É–∂–∏–ª–∏ –≤ –∏—é–ª–µ, –Ω–æ —Ç–æ–≥–¥–∞ –∫ —Ä–µ–∑—É–ª—å—Ç–∞—Ç–∞–º –æ—Ç–Ω–µ—Å–ª–∏—Å—å —Å–æ —Å–∫–µ–ø—Å–∏—Å–æ–º, —Ä–∞—Å—Å–∫–∞–∑–∞–ª –†–ë–ö –∞–º–µ—Ä–∏–∫–∞–Ω—Å–∫–∏–π —É—á–µ–Ω—ã–π –î–º–∏—Ç—Ä–∏–π –ü—Ä—É—Å—Å. –ö –∫–æ–Ω—Ü—É –º–µ—Å—è—Ü–∞ –∏—Å—Å–ª–µ–¥–æ–≤–∞—Ç–µ–ª–∏ –Ω–∞—à–ª–∏ –±–æ–ª—å—à–µ –Ω–æ–≤—ã—Ö –≥–µ–Ω–æ–º–æ–≤ —ç—Ç–æ–≥–æ —à—Ç–∞–º–º–∞. –†–∞—Å–ø—Ä–æ—Å—Ç—Ä–∞–Ω–µ–Ω–Ω–æ—Å—Ç—å –¥–µ–ª—å—Ç–∞–∫—Ä–æ–Ω–∞ –ø–æ–∫–∞ –Ω–µ–≤–µ–ª–∏–∫–∞. 
 
üí¨¬´–û–ø–∞—Å–µ–Ω –ª–∏ –Ω–µ–¥–∞–≤–Ω–æ –æ—Ç–∫—Ä—ã—Ç—ã–π ¬´—Ä—É—Å—Å–∫–∏–π –¥–µ–ª—å—Ç–∞–∫—Ä–æ–Ω¬ª, –µ—â–µ –ø—Ä–µ–¥—Å—Ç–æ–∏—Ç –æ–ø—Ä–µ–¥–µ–ª–∏—Ç—å. –ù–µ–∏–∑–≤–µ—Å—Ç–Ω–æ, –º–æ–∂–µ—Ç –ª–∏ –æ–Ω –≤—ã—Ç–µ—Å–Ω–∏—Ç—å –¥—Ä—É–≥–∏–µ —à—Ç–∞–º–º—ã. –ù–µ–∏–∑–≤–µ—Å—Ç–Ω–æ —Ç–∞–∫–∂–µ, –º–æ–∂–µ—Ç –ª–∏ –æ–Ω –≤—ã–∑–≤–∞—Ç—å —Ç—è–∂–µ–ª—ã–π –∫–æ–≤–∏–¥¬ª, ‚Äî —Ä–∞—Å—Å–∫–∞–∑–∞–ª —É—á–µ–Ω—ã–π. 
 
–ü–æ –¥–∞–Ω–Ω—ã–º –™, –Ω–∞ –ø—Ä–æ—à–ª–æ–π –Ω–µ–¥–µ–ª–µ –∫–æ–ª–ª–µ–∫—Ç–∏–≤–Ω—ã–π –∏–º–º—É–Ω–∏—Ç–µ—Ç —Ä–æ—Å—Å–∏—è–Ω –∫ –∫–æ—Ä–æ–Ω–∞–≤–∏—Ä—É—Å—É —Å–Ω–∏–∑–∏–ª—Å—è –¥–æ 8,6%, –∞ –ø–æ–∫–∞–∑–∞—Ç–µ–ª–∏ –∑–∞—Ä–∞–∂–µ–Ω–∏—è –±—ã–ª–∏ –ø—Ä–µ–≤—ã—à–µ–Ω—ã –≤ 12 —Ä–µ–≥–∏–æ–Ω–∞—Ö –†–æ—Å—Å–∏–∏. –í –°–≤–µ—Ä–¥–ª–æ–≤—Å–∫–æ–π –æ–±–ª–∞—Å—Ç–∏ –∑–∞ –º–∏–Ω—É–≤—à–∏–µ —Å—É—Ç–∫–∏ –≤—ã—è–≤–∏–ª–∏ 387 –Ω–æ–≤—ã—Ö —Å–ª—É—á–∞–µ–≤ –∫–æ–≤–∏–¥–∞. –ì–æ—Å–ø–∏—Ç–∞–ª–∏–∑–∏—Ä–æ–≤–∞–Ω –µ—â–µ 61 —á–µ–ª–æ–≤–µ–∫. –û—á–µ—Ä–µ–¥–Ω–æ–π —Ä–æ—Å—Ç –∑–∞–±–æ–ª–µ–≤–∞–µ–º–æ—Å—Ç–∏ COVID-19 –ø—Ä–æ–≥–Ω–æ–∑–∏—Ä—É—é—Ç –Ω–∞ —Å–µ–Ω—Ç—è–±—Ä—å. –í –†–æ—Å–ø–æ—Ç—Ä–µ–±–Ω–∞–¥–∑–æ—Ä–µ –ø–æ–∫–∞ –Ω–µ —Å—á–∏—Ç–∞—é—Ç –Ω–µ–æ–±—Ö–æ–¥–∏–º—ã–º –≤–æ–∑–≤—Ä–∞—â–∞—Ç—å –∫–æ—Ä–æ–Ω–∞–≤–∏—Ä—É—Å–Ω—ã–µ –æ–≥—Ä–∞–Ω–∏—á–µ–Ω–∏—è. 
 
üìå–®—Ç–∞–º–º –∫–æ—Ä–æ–Ω–∞–≤–∏—Ä—É—Å–∞ ¬´–¥–µ–ª—å—Ç–∞¬ª –≤–ø–µ—Ä–≤—ã–µ –æ–±–Ω–∞—Ä—É–∂–µ–Ω –≤ –ò–Ω–¥–∏–∏ –≤ –∫–æ–Ω—Ü–µ 2020 –≥–æ–¥–∞ –∏ –Ω–µ–∫–æ—Ç–æ—Ä–æ–µ –≤—Ä–µ–º—è –±—ã–ª –¥–æ–º–∏–Ω–∏—Ä—É—é—â–∏–º –≤ –±–æ–ª—å—à–∏–Ω—Å—Ç–≤–µ —Å—Ç—Ä–∞–Ω –º–∏—Ä–∞. –í 2021 –≥–æ–¥—É –µ–≥–æ –≤—ã—Ç–µ—Å–Ω–∏–ª –±–æ–ª–µ–µ –∑–∞—Ä–∞–∑–Ω—ã–π ¬´–æ–º–∏–∫—Ä–æ–Ω¬ª, –≤—ã—è–≤–ª–µ–Ω–Ω—ã–π –≤ –Æ–∂–Ω–æ–π –ê—Ñ—Ä–∏–∫–µ. –í –∏—é–Ω–µ –†–æ—Å–ø–æ—Ç—Ä–µ–±–Ω–∞–¥–∑–æ—Ä —Å–æ–æ–±—â–∞–ª, —á—Ç–æ –Ω–∞ ¬´–æ–º–∏–∫—Ä–æ–Ω¬ª –ø—Ä–∏—Ö–æ–¥–∏—Ç—Å—è –ø–æ—á—Ç–∏ 98,3% –≤—Å–µ—Ö –≤—ã—è–≤–ª—è–µ–º—ã—Ö –≤ —Å—Ç—Ä–∞–Ω–µ —Å–ª—É—á–∞–µ–≤ COVID-19.

üé§ –ê –í—ã —Ç–æ–∂–µ —Å—Ä–∞–∑—É –≤—Å–ø–æ–º–Ω–∏–ª–∏ —Ö–∏—Ç –í–∞–ª–µ—Ä–∏—è –õ–µ–æ–Ω—Ç—å–µ–≤–∞ –æ –¥–µ–ª—å—Ç–∞–ø–ª–∞–Ω–µ? ‚ò∫",16,9,27,6175.0
76,2022-08-11 13:42:16,32363,-165027467,-165027467,"–ó–∞ –ø–æ—Å–ª–µ–¥–Ω—é—é –Ω–µ–¥–µ–ª—é —Ñ–∏–∫—Å–∏—Ä—É–µ–º –∑–Ω–∞—á–∏—Ç–µ–ª—å–Ω—ã–π –ø—Ä–∏—Ä–æ—Å—Ç —á–∏—Å–ª–∞ –∑–∞–±–æ–ª–µ–≤—à–∏—Ö COVID-19 –≤ –ü–æ–ª—è—Ä–Ω—ã—Ö –ó–æ—Ä—è—Ö.
–î–æ—Ä–æ–≥–∏–µ –¥—Ä—É–∑—å—è, –∫–æ–≤–∏–¥ –Ω–∏–∫—É–¥–∞ –Ω–µ –∏—Å—á–µ–∑ –∏ –∫ –∫–æ–Ω—Ü—É –∞–≤–≥—É—Å—Ç–∞ –ø—Ä–æ–≥–Ω–æ–∑–∏—Ä—É–µ—Ç—Å—è –ø–æ–¥—ä–µ–º –∑–∞–±–æ–ª–µ–≤–∞–µ–º–æ—Å—Ç–∏. –ù–æ—Å–∏—Ç–µ –º–∞—Å–∫–∏ –≤ –æ–±—â–µ—Å—Ç–≤–µ–Ω–Ω—ã—Ö –º–µ—Å—Ç–∞—Ö. –ï—Å–ª–∏ –ø–æ—á—É–≤—Å—Ç–≤–æ–≤–∞–ª–∏ –Ω–µ–¥–æ–º–æ–≥–∞–Ω–∏–µ, –ø–æ—è–≤–∏–ª—Å—è –∫–∞—à–µ–ª—å, —Ç–µ–º–ø–µ—Ä–∞—Ç—É—Ä–∞ –∏ —Ç.–ø.  - –æ—Å—Ç–∞–Ω—å—Ç–µ—Å—å –¥–æ–º–∞ –∏ –æ–±—Ä–∞—Ç–∏—Ç–µ—Å—å –∫ –≤—Ä–∞—á—É.
–ë–µ—Ä–µ–≥–∏—Ç–µ —Å–µ–±—è

–ì–ª–∞–≤–∞ –≥–æ—Ä–æ–¥–∞ –ú–∞–∫—Å–∏–º –ü—É—Ö–æ–≤",1,12,4,1266.0
95,2022-08-11 13:37:37,7029,-114534645,-114534645,"–í—Å–ø–ª–µ—Å–∫ –∑–∞–±–æ–ª–µ–≤–∞–µ–º–æ—Å—Ç–∏ COVID-19 –º–æ–∂–µ—Ç –ø—Ä–æ–¥–ª–∏—Ç—å—Å—è –¥–æ –∫–æ–Ω—Ü–∞ —Å–µ–Ω—Ç—è–±—Ä—è 

–ë–æ–ª–µ–µ 192 —Ç—ã—Å. –∂–∏—Ç–µ–ª–µ–π –ù–∏–∂–µ–≥–æ—Ä–æ–¥—Å–∫–æ–π –æ–±–ª–∞—Å—Ç–∏ –∑–∞—Ä–∞–∑–∏–ª–∏—Å—å –∫–æ—Ä–æ–Ω–∞–≤–∏—Ä—É—Å–Ω–æ–π –∏–Ω—Ñ–µ–∫—Ü–∏–µ–π –≤ –ø–µ—Ä–≤–æ–º –ø–æ–ª—É–≥–æ–¥–∏–∏ 2022 –≥–æ–¥–∞, –∑–∞–±–æ–ª–µ–≤–∞–µ–º–æ—Å—Ç—å —É–≤–µ–ª–∏—á–∏–ª–∞—Å—å –±–æ–ª–µ–µ —á–µ–º –≤—Ç—Ä–æ–µ –ø–æ —Å—Ä–∞–≤–Ω–µ–Ω–∏—é —Å –ø—Ä–æ—à–ª—ã–º –≥–æ–¥–æ–º. –°–µ–π—á–∞—Å –≤ —Ä–µ–≥–∏–æ–Ω–µ –∂–¥—É—Ç –Ω–æ–≤—É—é –≤–æ–ª–Ω—É. 

–†–µ–≥–∏–æ–Ω–∞–ª—å–Ω–æ–µ —É–ø—Ä–∞–≤–ª–µ–Ω–∏–µ –†–æ—Å–ø–æ—Ç—Ä–µ–±–Ω–∞–¥–∑–æ—Ä–∞ –ø–æ–∫–∞ –Ω–µ –≤–∏–¥–∏—Ç –æ—Å–Ω–æ–≤–∞–Ω–∏–π –¥–ª—è –≤–≤–µ–¥–µ–Ω–∏—è –¥–æ–ø–æ–ª–Ω–∏—Ç–µ–ª—å–Ω—ã—Ö –∞–Ω—Ç–∏–∫–æ–≤–∏–¥–Ω—ã—Ö –æ–≥—Ä–∞–Ω–∏—á–µ–Ω–∏–π, –Ω–æ –Ω–∞–ø–æ–º–∏–Ω–∞–µ—Ç, —á—Ç–æ —É—Ä–æ–≤–µ–Ω—å –∫–æ–ª–ª–µ–∫—Ç–∏–≤–Ω–æ–≥–æ –∏–º–º—É–Ω–∏—Ç–µ—Ç–∞ —É –Ω–∏–∂–µ–≥–æ—Ä–æ–¥—Ü–µ–≤ –º–µ–Ω–µ–µ 6%, –∏ —Å–æ–≤–µ—Ç—É–µ—Ç –≤—Å–ø–æ–º–Ω–∏—Ç—å –æ –≤–∞–∫—Ü–∏–Ω–∞—Ü–∏–∏. –ü–æ–¥–∞–≤–ª—è—é—â–µ–µ –±–æ–ª—å—à–∏–Ω—Å—Ç–≤–æ –Ω–∏–∂–µ–≥–æ—Ä–æ–¥—Ü–µ–≤ –Ω–µ –±–æ—è—Ç—Å—è –∑–∞—Ä–∞–∑–∏—Ç—å—Å—è COVID-19.

–ü–æ–¥—Ä–æ–±–Ω–µ–µ —á–∏—Ç–∞–π—Ç–µ –≤ –º–∞—Ç–µ—Ä–∏–∞–ª–µ ¬´–™-–ü—Ä–∏–≤–æ–ª–∂—å–µ¬ª:",1,0,0,75.0
105,2022-08-11 13:35:14,7242,389909033,389909033,ü¶† –ï–∂–µ–Ω–µ–¥–µ–ª—å–Ω–∞—è —Å–º–µ—Ä—Ç–Ω–æ—Å—Ç—å –æ—Ç COVID-19 –≤ –º–∏—Ä–µ —Å–Ω–∏–∑–∏–ª–∞—Å—å –Ω–∞ 9% #–º–∏—Ä #–∑–¥—Ä–∞–≤–æ–æ—Ö—Ä–∞–Ω–µ–Ω–∏–µ #–∫–æ–≤–∏–¥19,1,1,2,7.0
106,2022-08-11 13:35:12,2360,-210672987,-210672987,"–í –ö–∞–ª–º—ã–∫–∏–∏ –∑–∞ –ø–æ—Å–ª–µ–¥–Ω–∏–µ —Å—É—Ç–∫–∏ –≤—ã—è–≤–∏–ª–∏ 129 –Ω–æ—Å–∏—Ç–µ–ª–µ–π –∫–æ—Ä–æ–Ω–∞–≤–∏—Ä—É—Å–∞, –≤—ã–∑–¥–æ—Ä–æ–≤–µ–ª–∏ 15 –ø–∞—Ü–∏–µ–Ω—Ç–æ–≤. –û–± —ç—Ç–æ–º —Å–æ–æ–±—â–∏–ª–∏ –≤ —Ä–µ–≥–∏–æ–Ω–∞–ª—å–Ω–æ–º –º–∏–Ω–∑–¥—Ä–∞–≤–µ 11 –∞–≤–≥—É—Å—Ç–∞.

–í –∫–æ–≤–∏–¥–Ω–æ–º —Å—Ç–∞—Ü–∏–æ–Ω–∞—Ä–µ, –∫–æ—Ç–æ—Ä—ã–π –ø—Ä–æ–¥–æ–ª–∂–∞–µ—Ç —Ä–∞–±–æ—Ç–∞—Ç—å –≤ –≠–ª–∏—Å—Ç–µ, –Ω–∞ –ª–µ—á–µ–Ω–∏–∏ –æ—Å—Ç–∞—é—Ç—Å—è 49 –ø–∞—Ü–∏–µ–Ω—Ç–æ–≤ —Å COVID-19. –î–≤–∞ —á–µ–ª–æ–≤–µ–∫–∞ –Ω–∞—Ö–æ–¥—è—Ç—Å—è –≤ —Ç—è–∂—ë–ª–æ–º —Å–æ—Å—Ç–æ—è–Ω–∏–∏.

–í—Å–µ–≥–æ —Å –Ω–∞—á–∞–ª–∞ –ø–∞–Ω–¥–µ–º–∏–∏ –≤ –ö–∞–ª–º—ã–∫–∏–∏ –∑–∞—Ä–µ–≥–∏—Å—Ç—Ä–∏—Ä–æ–≤–∞–Ω–æ 53 150 —Å–ª—É—á–∞–µ–≤ –∑–∞—Ä–∞–∂–µ–Ω–∏—è –∫–æ—Ä–æ–Ω–∞–≤–∏—Ä—É—Å–æ–º, –≤—ã–∑–¥–æ—Ä–æ–≤–µ–ª–∏ 51 177 –ø–∞—Ü–∏–µ–Ω—Ç–æ–≤. –°–ø—Ä–∞–≤–∏—Ç—å—Å—è —Å COVID-19 –Ω–µ —Å–º–æ–≥–ª–∏ 843 —á–µ–ª–æ–≤–µ–∫–∞.",4,6,3,1850.0
112,2022-08-11 13:34:35,434767,-11254710,-11254710,"–°—å—ë–º–∫–∏ —Ñ–∏–ª—å–º–∞ ¬´–§—É—Ä–∏–æ—Å–∞¬ª –æ—Å—Ç–∞–Ω–æ–≤–∏–ª–∏ –∏–∑-–∑–∞ –ø–æ–ª–æ–∂–∏—Ç–µ–ª—å–Ω–æ–≥–æ —Ç–µ—Å—Ç–∞ –Ω–∞ COVID‚Äî19 —É —Ä–µ–∂–∏—Å—Å—ë—Ä–∞ –∫–∞—Ä—Ç–∏–Ω—ã –î–∂–æ—Ä–¥–∂–∞ –ú–∏–ª–ª–µ—Ä–∞.

https://kanobu.ru/news/syomki-spin-offa-bezumnogo-maksa-o-furiose-priostanovili-iz-za-koronavirusa-455251/",1,7,0,12977.0
123,2022-08-11 13:31:44,9084,619182411,619182411,"PRESO DALLA RETE .... FATE GIRARE

DA CONDIVIDERE OVUNQUE 

Di Gianmarco Landi 

IL FUNERALE DI MIO PADRE NON CI SAR√Ä PERCH√â HO CHIESTO L‚ÄôAUTOPSIA AL TERMINE DI UN‚ÄôINTEGRAZIONE AD UNA DENUNCIA DI 12 PAGINE.¬† LOTTER√í PER ONORARE QUELLO CHE ERA NEGLI ULTIMI DUE ANNI, E ANCHE SE QUANDO ESAGERAVA ERA SOLO,¬† AVEVA RAGIONE DI FARLO PERCH√â NON NACQUE PECORA. NON ERI UN PAZIENTE COVID MA NONOSTANTE TRE TAMPONI NEGATIVI, TI HANNO FATTO FARE LA STESSA FINE DEI MARTIRI DI BERGAMO. 

Io sottoscritto Gianni Landi (detto Gianmarco), nato a Brindisi il xx/xx/xxxx con il presente atto intendo integrare la denuncia orale sporta da me unitamente a mia sorella Ilenja Landi, nata a Salerno il xx/xx/xxxx, presso il Comando dei Carabinieri di Brindisi il 29 luglio 2022. Rilascio queste dichiarazioni a seguito della morte di Andrea Landi, mio Padre, per il fine di raccontare prima di tutto alla Magistratura i risvolti agghiaccianti sottesi ad alcuni accadimenti di evidente prevaricazione nel corso di un‚Äôepidemia di virus che non √® quella del Covid-19 ma della sua coda: una tecnocrazia sanitaria che sospinge l‚Äôaffermazione di visioni ciniche e nichiliste sul senso dell‚Äôesistenza umana, contrarie allo Stato di Diritto. La vicenda di mio Padre non √® quella di una persona uccisa da una polmonite ‚Äòincurabile‚Äô o in un ospedale che non √® riuscito a curarla, ma quella di un sequestrato condannato a morte da certe prassi di ‚ÄòNuova Normalit√†‚Äô, cio√® una serie di modi di fare di un sistema sanitario che d‚Äôabbrivio alle follie di questi ultimi due anni di emergenza sanitaria, evidentemente si libera dei ‚Äòpesi sociali‚Äô promuovendo¬† condizioni affinch√© una polmonite giustifichi una morte ‚Äòinevitabile‚Äô. Tutto ci√≤ mi ripugna non solo perch√© la vittima √® mio Padre, che peraltro mai avrebbe voluto morire in mano ad estranei paramedici e medici, ma soprattutto perch√© √® il segno di una marcescenza valoriale in atto nella Societ√† italiana, una civilt√† diretta al totale sfascio dei principi ispiratori dello Stato di Diritto della Repubblica. 

Denuncio, quindi, anche per iscritto e puntualmente quanto √® accaduto ai danni di tutta la mia famiglia e in particolare a mio Padre Andrea Landi che ieri, il 9 agosto 2022 √® morto ucciso all‚ÄôOspedale Perrino di Brindisi dalle indirette dipendenze dei tecnocrati sanitari. . .",5,10,5,167.0
128,2022-08-11 13:30:44,29671,-11237740,-11237740,"–ö–∏—Ä–∏—à–∏ - –≤ –ª–∏–¥–µ—Ä–∞—Ö –ø–æ –∑–∞–±–æ–ª–µ–≤–∞–µ–º–æ—Å—Ç–∏ COVID-19

–ë–æ–ª–µ–µ 500 –Ω–æ–≤—ã—Ö —Å–ª—É—á–∞–µ–≤ –∫–æ—Ä–æ–Ω–∞–≤–∏—Ä—É—Å–∞ –ø–æ–¥—Ç–≤–µ—Ä–∂–¥–µ–Ω–æ –≤ –õ–µ–Ω–∏–Ω–≥—Ä–∞–¥—Å–∫–æ–π –æ–±–ª–∞—Å—Ç–∏ –∑–∞ –º–∏–Ω—É–≤—à–∏–µ —Å—É—Ç–∫–∏ - —ç—Ç–æ –≤ 7 —Ä–∞–∑ –±–æ–ª—å—à–µ, —á–µ–º –¥–Ω—ë–º —Ä–∞–Ω–µ–µ.

–ü–æ –∫–æ–ª–∏—á–µ—Å—Ç–≤—É –Ω–æ–≤—ã—Ö –∑–∞–±–æ–ª–µ–≤—à–∏—Ö –ª–∏–¥–∏—Ä—É—é—Ç –ö–∏—Ä–∏—à–∏ - 48, –ö—É–¥—Ä–æ–≤–æ - 35, –í—ã–±–æ—Ä–≥ - 31, –°–∏–≤–µ—Ä—Å–∫–∏–π - 24, –í—Å–µ–≤–æ–ª–æ–∂—Å–∫ –∏ –ü—Ä–∏–æ–∑–µ—Ä—Å–∫ - –ø–æ 22, –ú—É—Ä–∏–Ω–æ - 20.

–ì–æ—Å–ø–∏—Ç–∞–ª–∏–∑–∏—Ä–æ–≤–∞–Ω—ã 26 —á–µ–ª–æ–≤–µ–∫. –° –±–æ–ª—å–Ω–∏—á–Ω–æ–≥–æ –≤ —Å–≤—è–∑–∏ —Å –≤—ã–∑–¥–æ—Ä–æ–≤–ª–µ–Ω–∏–µ–º –≤—ã–ø–∏—Å–∞–Ω—ã 80. –ù–æ–≤—ã—Ö —Å–º–µ—Ä—Ç–µ–π –æ—Ç –∫–æ—Ä–æ–Ω–∞–≤–∏—Ä—É—Å–∞ –Ω–µ –ø–æ–¥—Ç–≤–µ—Ä–∂–¥–µ–Ω–æ. 
 
–° –Ω–∞—á–∞–ª–∞ –ø–∞–Ω–¥–µ–º–∏–∏ –≤ —Ä–µ–≥–∏–æ–Ω–µ –≤—ã—è–≤–ª–µ–Ω 194 601 —Å–ª—É—á–∞–π COVID-19. –ò–∑ –Ω–∏—Ö 187 281 –∫–æ–Ω—á–∏–ª—Å—è –≤—ã–∑–¥–æ—Ä–æ–≤–ª–µ–Ω–∏–µ–º, –∞ 3 494 –ø—Ä–∏–≤–µ–ª–∏ –∫ –ª–µ—Ç–∞–ª—å–Ω–æ–º—É –∏—Å—Ö–æ–¥—É. 
 
–£—Ä–æ–≤–µ–Ω—å –∫–æ–ª–ª–µ–∫—Ç–∏–≤–Ω–æ–≥–æ –∏–º–º—É–Ω–∏—Ç–µ—Ç–∞ –≤ –õ–µ–Ω–æ–±–ª–∞—Å—Ç–∏, –ø–æ –¥–∞–Ω–Ω—ã–º –Ω–∞ 5 –∞–≤–≥—É—Å—Ç–∞, –æ–ø—É—Å—Ç–∏–ª—Å—è –¥–æ 3,1%. –í–∞–∫—Ü–∏–Ω–∞—Ü–∏—é –ø—Ä–æ—à–ª–∏ 1 128 458 —á–µ–ª–æ–≤–µ–∫, –≤ —Ç–æ–º —á–∏—Å–ª–µ 2 500 - –∑–∞ –ø–æ—Å–ª–µ–¥–Ω–∏–µ —Å—É—Ç–∫–∏. –†–µ–≤–∞–∫—Ü–∏–Ω–∏—Ä–æ–≤–∞–ª–∏—Å—å 170 628 –∂–∏—Ç–µ–ª–µ–π. 
 
–ù–æ–≤—ã–µ —Å–ª—É—á–∞–∏ –∑–∞—Ä–∞–∂–µ–Ω–∏—è –∑–∞—Ä–µ–≥–∏—Å—Ç—Ä–∏—Ä–æ–≤–∞–Ω—ã –≤ 149 –Ω–∞—Å–µ–ª—ë–Ω–Ω—ã—Ö –ø—É–Ω–∫—Ç–∞—Ö, –≤ —Ç–æ–º —á–∏—Å–ª–µ –ö–∏—Ä–∏—à—Å–∫–æ–≥–æ —Ä–∞–π–æ–Ω–∞: –ö–∏—Ä–∏—à–∏ - 48, –ì–ª–∞–∂–µ–≤–æ - 2, –ò–∫–æ–Ω–æ–≤–æ - 1, –ö—É—Å–∏–Ω–æ - 2, –¢–∏—Ö–æ—Ä–∏—Ü—ã - 1.

#–º–µ–¥–∏–∞—Ç–µ–ª–µ–∫–æ–º",20,30,177,8373.0
129,2022-08-11 13:30:35,13954,-100079426,-100079426,"–ü–æ –¥–∞–Ω–Ω—ã–º –£–ø—Ä–∞–≤–ª–µ–Ω–∏—è –†–æ—Å–ø–æ—Ç—Ä–±–µ–Ω–∞–¥–∑–æ—Ä–∞ –ø–æ –õ–µ–Ω–æ–±–ª–∞—Å—Ç–∏ –Ω–∞ 11 –∞–≤–≥—É—Å—Ç–∞ 2022 –≥–æ–¥–∞, –≤ –¢–æ—Å–Ω–µ–Ω—Å–∫–æ–º —Ä–∞–π–æ–Ω–µ –∑–∞ —Å—É—Ç–∫–∏ –∑–∞—Ñ–∏–∫—Å–∏—Ä–æ–≤–∞–Ω –º–µ–¥–∏–∫–∞–º–∏ –µ—â–µ 31 —Å–ª—É—á–∞–π –∑–∞–±–æ–ª–µ–≤–∞–Ω–∏—è –∂–∏—Ç–µ–ª–µ–π COVID-19.
20 —á–µ–ª–æ–≤–µ–∫ –∑–∞–±–æ–ª–µ–ª–∏ –≤ –¢–æ—Å–Ω–æ, 4 - –≤ –£–ª—å—è–Ω–æ–≤–∫–µ, 3 - –≤ –§–µ–¥–æ—Ä–æ–≤—Å–∫–æ–º, 2 - –≤ –ù–∏–∫–æ–ª—å—Å–∫–æ–º, –ø–æ 1 –≤ –§–æ—Ä–Ω–æ—Å–æ–≤–æ –∏ –†–∞–¥–æ—Ñ–∏–Ω–Ω–∏–∫–æ–≤–æ. 
 –õ–µ–Ω–∏–Ω–≥—Ä–∞–¥—Å–∫–∏–µ —ç–ø–∏–¥–µ–º–∏–æ–ª–æ–≥–∏ —Ä–µ–∫–æ–º–µ–Ω–¥—É—é—Ç –Ω–µ –æ—Ç–∫–ª–∞–¥—ã–≤–∞—Ç—å –≤–∞–∫—Ü–∏–Ω–∞—Ü–∏—é –æ—Ç COVID-19 –∏–∑-–∑–∞ —Ä–∞—Å—Ç—É—â–µ–π –∑–∞–±–æ–ª–µ–≤–∞–µ–º–æ—Å—Ç–∏ –∏ –ø—Ä–æ–≥–Ω–æ–∑–∏—Ä—É–µ–º–æ–π –Ω–µ—Å—Ç–∞–±–∏–ª—å–Ω–æ–π –æ–±—Å—Ç–∞–Ω–æ–≤–∫–∏ –æ—Å–µ–Ω—å—é. 
–°–æ–≤–µ—Ç—ã —Ä—É–∫–æ–≤–æ–¥–∏—Ç–µ–ª—è –£–ø—Ä–∞–≤–ª–µ–Ω–∏—è –§–µ–¥–µ—Ä–∞–ª—å–Ω–æ–π —Å–ª—É–∂–±—ã –ø–æ –Ω–∞–¥–∑–æ—Ä—É –≤ —Å—Ñ–µ—Ä–µ –∑–∞—â–∏—Ç—ã –ø—Ä–∞–≤ –ø–æ—Ç—Ä–µ–±–∏—Ç–µ–ª–µ–π –∏ –±–ª–∞–≥–æ–ø–æ–ª—É—á–∏—è —á–µ–ª–æ–≤–µ–∫–∞ –ø–æ –õ–µ–Ω–∏–Ω–≥—Ä–∞–¥—Å–∫–æ–π –æ–±–ª–∞—Å—Ç–∏ - –ì–ª–∞–≤–Ω–æ–≥–æ –≥–æ—Å—É–¥–∞—Ä—Å—Ç–≤–µ–Ω–Ω–æ–≥–æ —Å–∞–Ω–∏—Ç–∞—Ä–Ω–æ–≥–æ –≤—Ä–∞—á–∞ –ø–æ –õ–µ–Ω–∏–Ω–≥—Ä–∞–¥—Å–∫–æ–π –æ–±–ª–∞—Å—Ç–∏ –û–ª—å–≥–∏ –ê–ª–µ–∫—Å–∞–Ω–¥—Ä–æ–≤–Ω—ã –ò—Å—Ç–æ—Ä–∏–∫.
–í–∏–¥–µ–æ –ø—Ä–µ–¥–æ—Å—Ç–∞–≤–ª–µ–Ω–æ –∫–æ–º–∏—Ç–µ—Ç–æ–º –ø–æ –ø–µ—á–∞—Ç–∏ –õ–µ–Ω–∏–Ω–≥—Ä–∞–¥—Å–∫–æ–π –æ–±–ª–∞—Å—Ç–∏.",1,5,2,1043.0
134,2022-08-11 13:30:04,308255,-134162128,-134162128,"–ò–º–ø–æ—Ä—Ç–æ–∑–∞–º–µ—â–µ–Ω–∏–µ –¥–æ–±—Ä–∞–ª–æ—Å—å –∏¬†–¥–æ¬†–∫–æ—Ä–æ–Ω–∞–≤–∏—Ä—É—Å–∞¬†‚Äî –≤—Å—Ç—Ä–µ—á–∞–π—Ç–µ ¬´—Ä—É—Å—Å–∫–∏–π –¥–µ–ª—å—Ç–∞–∫—Ä–æ–Ω¬ª!

–í¬†–°–∞–Ω–∫—Ç-–ü–µ—Ç–µ—Ä–±—É—Ä–≥–µ –≤–æ¬†–≤—Ä–µ–º—è –∏—Å—Å–ª–µ–¥–æ–≤–∞–Ω–∏–π –æ–±–Ω–∞—Ä—É–∂–∏–ª–∏ –Ω–æ–≤—ã–π —à—Ç–∞–º–º COVID-19¬†‚Äî –≥–∏–±—Ä–∏–¥ ¬´–æ–º–∏–∫—Ä–æ–Ω–∞¬ª –∏¬†¬´–¥–µ–ª—å—Ç—ã¬ª. –û–±¬†—ç—Ç–æ–º –≤¬†–∏–Ω—Ç–µ—Ä–≤—å—é –†–ë–ö —Å–æ–æ–±—â–∏–ª –∞–º–µ—Ä–∏–∫–∞–Ω—Å–∫–∏–π —É—á–µ–Ω—ã–π-–≥–µ–Ω–µ—Ç–∏–∫ –î–º–∏—Ç—Ä–∏–π –ü—Ä—É—Å—Å.

–ü–æ¬†—Å–ª–æ–≤–∞–º —É—á–µ–Ω–æ–≥–æ, –Ω–æ–≤—ã–π –≤–∞—Ä–∏–∞–Ω—Ç –≤–∏—Ä—É—Å–∞ –Ω–∏–≥–¥–µ –≤¬†–º–∏—Ä–µ –±–æ–ª—å—à–µ –Ω–µ¬†–∑–∞—Ñ–∏–∫—Å–∏—Ä–æ–≤–∞–Ω, –∞¬†–æ–ø–∞—Å–Ω–æ—Å—Ç—å ¬´–æ—Ç–µ—á–µ—Å—Ç–≤–µ–Ω–Ω–æ–≥–æ –¥–µ–ª—å—Ç–∞–∫—Ä–æ–Ω–∞¬ª –µ—â–µ –ø—Ä–µ–¥—Å—Ç–æ–∏—Ç –∏–∑—É—á–∏—Ç—å. –ö–∞–∫ –æ—Ç–º–µ—á–∞–µ—Ç –†–ë–ö, —Ä–∞—Å–ø—Ä–æ—Å—Ç—Ä–∞–Ω–µ–Ω–Ω–æ—Å—Ç—å –Ω–æ–≤–æ–≥–æ —à—Ç–∞–º–º–∞ –ø–æ–∫–∞ –Ω–µ–≤–µ–ª–∏–∫–∞.

–≠–∫—Å–ø–µ—Ä—Ç –æ—Ç–º–µ—Ç–∏–ª, —á—Ç–æ –≥–∏–±—Ä–∏–¥–Ω—ã–µ –≤–∏—Ä—É—Å—ã —Å¬†—Ñ—Ä–∞–≥–º–µ–Ω—Ç–∞–º–∏ –≥–µ–Ω–æ–º–æ–≤ ¬´–æ–º–∏–∫—Ä–æ–Ω–∞¬ª –∏¬†¬´–¥–µ–ª—å—Ç—ã¬ª —è–≤–ª—è—é—Ç—Å—è –±–æ–ª—å—à–æ–π —Ä–µ–¥–∫–æ—Å—Ç—å—é –∏–∑-–∑–∞ –ø—Ä–∞–∫—Ç–∏—á–µ—Å–∫–∏ –ø–æ–ª–Ω–æ–≥–æ –∏—Å—á–µ–∑–Ω–æ–≤–µ–Ω–∏—è —à—Ç–∞–º–º–∞ ¬´–¥–µ–ª—å—Ç–∞¬ª. –ü–æ¬†—Å–ª–æ–≤–∞–º –ü—Ä—É—Å—Å–∞, –∫¬†–ø–µ—Ä–≤—ã–º –¥–∞–Ω–Ω—ã–º –æ¬†–≥–∏–±—Ä–∏–¥–µ ¬´–æ–º–∏–∫—Ä–æ–Ω–∞¬ª –∏¬†¬´–¥–µ–ª—å—Ç—ã¬ª, –∫–æ—Ç–æ—Ä—ã–µ –ø–æ—è–≤–∏–ª–∏—Å—å –≤¬†–Ω–∞—á–∞–ª–µ –∏—é–ª—è, –æ—Ç–Ω–µ—Å–ª–∏—Å—å ¬´—Å¬†–ª–µ–≥–∫–∏–º –Ω–µ–¥–æ–≤–µ—Ä–∏–µ–º¬ª, –Ω–æ¬†–∫¬†–∫–æ–Ω—Ü—É –∏—é–ª—è –∏—Å—Å–ª–µ–¥–æ–≤–∞—Ç–µ–ª–∏ –∏–∑¬†–ò–Ω—Å—Ç–∏—Ç—É—Ç–∞ –≥—Ä–∏–ø–ø–∞ –∏–º–µ–Ω–∏ –°–º–æ—Ä–æ–¥–∏–Ω—Ü–µ–≤–∞ –Ω–∞—à–ª–∏ –µ—â–µ –±–æ–ª—å—à–µ —Ç–∞–∫–∏—Ö –≥–µ–Ω–æ–º–æ–≤.

¬´–ü–µ—Ä–µ–ø—Ä–æ–≤–µ—Ä–∏–ª–∏ –≤—Å–µ, —á—Ç–æ –º–æ–≥–ª–∏, –∏¬†–ø—Ä–∏—à–ª–∏ –∫¬†—É–≤–µ—Ä–µ–Ω–Ω–æ–º—É –≤—ã–≤–æ–¥—É: —ç—Ç–æ –Ω–µ¬†–æ—à–∏–±–∫–∞, –∞¬†–¥–µ–π—Å—Ç–≤–∏—Ç–µ–ª—å–Ω–æ –≥–∏–±—Ä–∏–¥–Ω—ã–π –≤–∏—Ä—É—Å¬ª,¬†‚Äî –ø–æ–¥–µ–ª–∏–ª—Å—è –ü—Ä—É—Å—Å

üì∏: giphy",1,5,1,2376.0
136,2022-08-11 13:29:41,7066,-181566806,-181566806,Texas Biomed researcher linked to Pfizer‚Äôs COVID-19 vaccine testing site found to have blatantly fabricated published research data!,1,1,0,5.0
139,2022-08-11 13:29:31,8790,3387739,3387739,"–ó–∞ –ø–æ—Å–ª–µ–¥–Ω—é—é –Ω–µ–¥–µ–ª—é —Ñ–∏–∫—Å–∏—Ä—É–µ–º –∑–Ω–∞—á–∏—Ç–µ–ª—å–Ω—ã–π –ø—Ä–∏—Ä–æ—Å—Ç —á–∏—Å–ª–∞ –∑–∞–±–æ–ª–µ–≤—à–∏—Ö COVID-19 –≤ –ü–æ–ª—è—Ä–Ω—ã—Ö –ó–æ—Ä—è—Ö.
–î–æ—Ä–æ–≥–∏–µ –¥—Ä—É–∑—å—è, –∫–æ–≤–∏–¥ –Ω–∏–∫—É–¥–∞ –Ω–µ –∏—Å—á–µ–∑ –∏ –∫ –∫–æ–Ω—Ü—É –∞–≤–≥—É—Å—Ç–∞ –ø—Ä–æ–≥–Ω–æ–∑–∏—Ä—É–µ—Ç—Å—è –ø–æ–¥—ä–µ–º –∑–∞–±–æ–ª–µ–≤–∞–µ–º–æ—Å—Ç–∏. –ù–æ—Å–∏—Ç–µ –º–∞—Å–∫–∏ –≤ –æ–±—â–µ—Å—Ç–≤–µ–Ω–Ω—ã—Ö –º–µ—Å—Ç–∞—Ö. –ï—Å–ª–∏ –ø–æ—á—É–≤—Å—Ç–≤–æ–≤–∞–ª–∏ –Ω–µ–¥–æ–º–æ–≥–∞–Ω–∏–µ, –ø–æ—è–≤–∏–ª—Å—è –∫–∞—à–µ–ª—å, —Ç–µ–º–ø–µ—Ä–∞—Ç—É—Ä–∞ –∏ —Ç.–ø.  - –æ—Å—Ç–∞–Ω–µ—Ç–µ—Å—å –¥–æ–º–∞ –∏ –æ–±—Ä–∞—Ç–∏—Ç–µ—Å—å –∫ –≤—Ä–∞—á—É.
–ë–µ—Ä–µ–≥–∏—Ç–µ —Å–µ–±—è",2,38,24,2545.0
146,2022-08-11 13:27:48,17968,-172923737,-172923737,"–ì—É–±–µ—Ä–Ω–∞—Ç–æ—Ä –ê–Ω–¥—Ä–µ–π –ë–æ—á–∞—Ä–æ–≤ –ø—Ä–æ—à–µ–ª —Ä–µ–≤–∞–∫—Ü–∏–Ω–∞—Ü–∏—é –æ—Ç COVID-19.

–•–æ—Ç—è —Å–µ–π—á–∞—Å —Å–∞–Ω–∏—Ç–∞—Ä–Ω–æ-—ç–ø–∏–¥–µ–º–∏–æ–ª–æ–≥–∏—á–µ—Å–∫–∞—è —Å–∏—Ç—É–∞—Ü–∏—è –≤ —Ä–µ–≥–∏–æ–Ω–µ —Å—Ç–∞–±–∏–ª—å–Ω–∞—è, –æ–±—Å—Ç–∞–Ω–æ–≤–∫–∞ –∑–∞ —Ä—É–±–µ–∂–æ–º –∏ –≤ —Ü–µ–ª–æ–º –≤ –†–æ—Å—Å–∏–∏ –Ω–µ—Å–ø–æ–∫–æ–π–Ω–∞—è. –í–ª–∞—Å—Ç–∏ –∏ –≤—Å–µ –ø—Ä–æ—Ñ–∏–ª—å–Ω—ã–µ —Å–ª—É–∂–±—ã, –∫–∞–∫ –∏ –≤ –ø—Ä–µ–¥—ã–¥—É—â–∏–π –ø–µ—Ä–∏–æ–¥, –≥–æ—Ç–æ–≤—ã —Ä–∞–±–æ—Ç–∞—Ç—å –Ω–∞ –æ–ø–µ—Ä–µ–∂–µ–Ω–∏–µ.

–û–¥–Ω–∞–∫–æ –æ—Å–Ω–æ–≤–Ω–æ–π —Å—Ü–µ–Ω–∞—Ä–∏–π –∑–∞–≤–∏—Å–∏—Ç –æ—Ç —Å–∞–º–∏—Ö –∂–∏—Ç–µ–ª–µ–π: –≤–∞–∂–Ω–æ –ø—Ä–æ–¥–æ–ª–∂–∞—Ç—å –ø—Ä–æ—Ñ–∏–ª–∞–∫—Ç–∏–∫—É –∑–∞–±–æ–ª–µ–≤–∞–Ω–∏—è, –ø—Ä–æ—Ö–æ–¥–∏—Ç—å —Å–≤–æ–µ–≤—Ä–µ–º–µ–Ω–Ω—É—é —Ä–µ–≤–∞–∫—Ü–∏–Ω–∞—Ü–∏—é.",1,3,0,344.0
156,2022-08-11 13:26:21,35411,-43478805,-43478805,"95 —á–µ–ª–æ–≤–µ–∫ –∑–∞ —Å—É—Ç–∫–∏ –∑–∞—Ä–∞–∑–∏–ª–∏—Å—å –∫–æ—Ä–æ–Ω–∞–≤–∏—Ä—É—Å–æ–º –≤ –°–æ—á–∏

–í –ö—Ä–∞—Å–Ω–æ–¥–∞—Ä—Å–∫–æ–º –∫—Ä–∞–µ –∑–∞ —Å—É—Ç–∫–∏ –≤—ã—è–≤–ª–µ–Ω–æ 775 —Å–ª—É—á–∞–µ–≤ –∑–∞—Ä–∞–∂–µ–Ω–∏—è –∫–æ—Ä–æ–Ω–∞–≤–∏—Ä—É—Å–æ–º. –°—Ä–µ–¥–∏ –∑–∞–±–æ–ª–µ–≤—à–∏—Ö 483 –∂–µ–Ω—â–∏–Ω—ã –∏ 292 –º—É–∂—á–∏–Ω—ã, –≤ —Ç–æ–º —á–∏—Å–ª–µ 55 –¥–µ—Ç–µ–π.  –í –ö—Ä–∞—Å–Ω–æ–¥–∞—Ä–µ –ø–æ–ª–æ–∂–∏—Ç–µ–ª—å–Ω—ã–π —Ç–µ—Å—Ç –ø–æ–ª—É—á–∏–ª–∏ 284 —á–µ–ª–æ–≤–µ–∫–∞, –≤ –°–æ—á–∏ ‚Äì 95, –≤ –ù–æ–≤–æ—Ä–æ—Å—Å–∏–π—Å–∫–µ ‚Äì 84, –≤ –ê–Ω–∞–ø–µ ‚Äì 44. –ü–æ –¥–∞–Ω–Ω—ã–º –æ–ø–µ—Ä–∞—Ç–∏–≤–Ω–æ–≥–æ —à—Ç–∞–±–∞, –≤—Å–µ–≥–æ —Å –Ω–∞—á–∞–ª–∞ –ø–∞–Ω–¥–µ–º–∏–∏ –≤ –ö—Ä–∞—Å–Ω–æ–¥–∞—Ä—Å–∫–æ–º –∫—Ä–∞–µ –ø–æ–¥—Ç–≤–µ—Ä–∂–¥–µ–Ω–æ 269525 —Å–ª—É—á–∞–µ–≤ –∑–∞—Ä–∞–∂–µ–Ω–∏—è COVID-19. –° –≤—ã–∑–¥–æ—Ä–æ–≤–ª–µ–Ω–∏–µ–º –≤—ã–ø–∏—Å–∞–Ω—ã 255318 —á–µ–ª–æ–≤–µ–∫. 10983 –ø–∞—Ü–∏–µ–Ω—Ç–∞ —Å–ø–∞—Å—Ç–∏ –Ω–µ —É–¥–∞–ª–æ—Å—å. –í —Ç—è–∂–µ–ª–æ–º —Å–æ—Å—Ç–æ—è–Ω–∏–∏ –Ω–∞ –ò–í–õ –Ω–∞—Ö–æ–¥—è—Ç—Å—è 3 —á–µ–ª–æ–≤–µ–∫–∞. #–û–±—ä—è–≤–ª–µ–Ω–∏—è–°–æ—á–∏ #–°–æ—á–∏ #–ù–æ–≤–æ—Å—Ç–∏–°–æ—á–∏ #–ê—Ñ–∏—à–∞–°–æ—á–∏ #–û—Ç–¥—ã—Ö–°–æ—á–∏ #–°–æ–±—ã—Ç–∏—è–°–æ—á–∏ #–†–µ–∫–ª–∞–º–∞–°–æ—á–∏ #–ê–¥–ª–µ—Ä #–ö—Ä–∞—Å–Ω–∞—è–ü–æ–ª—è–Ω–∞",4,2,5,756.0
160,2022-08-11 13:26:02,79,-211246498,-211246498,"üôå–î–æ–±—Ä—ã–π –¥–µ–Ω—å,–¥–æ—Ä–æ–≥–∏–µ –ø–æ–¥–ø–∏—Å—á–∏–∫–∏.

ü¶†–ü–∞–Ω–¥–µ–º–∏—è COVID-19 –∑–∞—Å—Ç–∞–≤–∏–ª–∞ –Ω–∞—Å –æ–±—Ä–∞—Ç–∏—Ç—å –ø—Ä–∏—Å—Ç–∞–ª—å–Ω–æ–µ –≤–Ω–∏–º–∞–Ω–∏–µ –Ω–∞ —Å–≤–æ–µ –∑–¥–æ—Ä–æ–≤—å–µ. 
–û–¥–∏–Ω –∏–∑ –≤–∞–∂–Ω—ã—Ö –º–æ–º–µ–Ω—Ç–æ–≤ –∑–¥–µ—Å—å ‚Äî –ø—Ä–∏–µ–º –≤–∏—Ç–∞–º–∏–Ω–æ–≤ –∏ –º–∏–Ω–µ—Ä–∞–ª–æ–≤, –∫–æ—Ç–æ—Ä—ã–µ –ø–æ–º–æ–≥–∞—é—Ç —É—Å–∫–æ—Ä–∏—Ç—å —Ä–µ–∞–±–∏–ª–∏—Ç–∞—Ü–∏—é –ø–æ—Å–ª–µ –±–æ–ª–µ–∑–Ω–∏. 
–ò –≤—Å–µ–≥–¥–∞ –≤–æ–∑–Ω–∏–∫–∞–µ—Ç –æ—á–µ–Ω—å –º–Ω–æ–≥–æ –≤–æ–ø—Ä–æ—Å–æ–≤ —É —Ä–æ–¥–∏—Ç–µ–ª–µ–π- –∫–∞–∫–∏–µ –≤–∏—Ç–∞–º–∏–Ω—ã –∏ –º–∏–∫—Ä–æ—ç–ª–µ–º–µ–Ω—Ç—ã –º–æ–∂–Ω–æ —Å–æ—á–µ—Ç–∞—Ç—å –º–µ–∂–¥—É —Å–æ–±–æ–π.

üîç–î–∞–≤–∞–π—Ç–µ —Ä–∞–∑–±–∏—Ä–∞—Ç—å—Å—è.
ü§î–ë–æ–ª—å—à–∞—è —á–∞—Å—Ç—å –ø–æ–ª–∏–≤–∏—Ç–∞–º–∏–Ω–æ–≤ –∏–º–µ–µ—Ç –æ–¥–Ω–æ—Ç–∏–ø–Ω—ã–π —Å–æ—Å—Ç–∞–≤, –≤ –∫–æ—Ç–æ—Ä–æ–º —Å–æ–¥–µ—Ä–∂–∞—Ç—Å—è –Ω–∞–∏–±–æ–ª–µ–µ –≤–æ—Å—Ç—Ä–µ–±–æ–≤–∞–Ω–Ω—ã–µ —Å–æ–µ–¥–∏–Ω–µ–Ω–∏—è:

üëÅ–í–∏—Ç–∞–º–∏–Ω –ê ‚Äì —É–ª—É—á—à–∞–µ—Ç –∑—Ä–µ–Ω–∏–µ, —Å–æ—Å—Ç–æ—è–Ω–∏–µ –∫–æ–∂–∏, –≤–æ–ª–æ—Å.
üß†–í–∏—Ç–∞–º–∏–Ω—ã –≥—Ä—É–ø–ø—ã –í ‚Äì —É—á–∞—Å—Ç–≤—É—é—Ç –≤ –æ–±–º–µ–Ω–Ω—ã—Ö –ø—Ä–æ—Ü–µ—Å—Å–∞—Ö, —É–ª—É—á—à–∞—é—Ç —Ä–∞–±–æ—Ç—É –¶–ù–°;
üçí–í–∏—Ç–∞–º–∏–Ω –° ‚Äì —Å–ø–æ—Å–æ–±—Å—Ç–≤—É–µ—Ç –ø—Ä–∞–≤–∏–ª—å–Ω–æ–π —Ä–∞–±–æ—Ç–µ –∏–º–º—É–Ω–∏—Ç–µ—Ç–∞;
‚òÄÔ∏è–í–∏—Ç–∞–º–∏–Ω D ‚Äì —Å–ø–æ—Å–æ–±—Å—Ç–≤—É–µ—Ç –∑–¥–æ—Ä–æ–≤–æ–º—É —Ä–æ—Å—Ç—É, —É–∫—Ä–µ–ø–ª—è–µ—Ç –∫–æ—Å—Ç–Ω—É—é —Å–∏—Å—Ç–µ–º—É;
üëå–í–∏—Ç–∞–º–∏–Ω –ï ‚Äì –ø–æ–¥–¥–µ—Ä–∂–∏–≤–∞–µ—Ç –Ω–æ—Ä–º–∞–ª—å–Ω—É—é —Ä–∞–±–æ—Ç—É –∏–º–º—É–Ω–Ω–æ–π –∏ –Ω–µ—Ä–≤–Ω–æ–π —Å–∏—Å—Ç–µ–º—ã;
üê†–í–∏—Ç–∞–º–∏–Ω F –∏ –û–º–µ–≥–∞-3 –∂–∏—Ä–Ω—ã–µ –∫–∏—Å–ª–æ—Ç—ã ‚Äì –∫–æ–º–ø–æ–Ω–µ–Ω—Ç—ã –¥–ª—è –ø–æ–ª–Ω–æ—Ü–µ–Ω–Ω–æ–π –¥–µ—è—Ç–µ–ª—å–Ω–æ—Å—Ç–∏ —Å—Ç—Ä—É–∫—Ç—É—Ä –≥–æ–ª–æ–≤–Ω–æ–≥–æ –º–æ–∑–≥–∞ –∏ –º–∏–æ–∫–∞—Ä–¥–∞. 
ü©∏–í–∏—Ç–∞–º–∏–Ω –ö-–æ–±–µ—Å–ø–µ—á–∏–≤–∞–µ—Ç –Ω–æ—Ä–º–∞–ª—å–Ω—É—é —Å–≤—ë—Ä—Ç—ã–≤–∞–µ–º–æ—Å—Ç—å –∫—Ä–æ–≤–∏ –∏ —É–∫—Ä–µ–ø–ª—è–µ—Ç —Å—Ç–µ–Ω–∫–∏ —Å–æ—Å—É–¥–æ–≤.

üí°–ü–æ–Ω—è—Ç–∏–µ ¬´–≤–∏—Ç–∞–º–∏–Ω—ã¬ª –ø–æ—è–≤–∏–ª–æ—Å—å –±–æ–ª–µ–µ 100 –ª–µ—Ç –Ω–∞–∑–∞–¥, –∏ –≤ —Ä–µ–∑—É–ª—å—Ç–∞—Ç–µ –∏—Å—Å–ª–µ–¥–æ–≤–∞–Ω–∏–π —Å—Ç–∞–ª–æ –∏–∑–≤–µ—Å—Ç–Ω–æ, —á—Ç–æ –¥–∞–ª–µ–∫–æ –Ω–µ –≤—Å–µ –∫–æ–º–±–∏–Ω–∞—Ü–∏–∏ –º–∏–∫—Ä–æ—ç–ª–µ–º–µ–Ω—Ç–æ–≤ —è–≤–ª—è—é—Ç—Å—è —Å–æ–≤–º–µ—Å—Ç–∏–º—ã–º–∏, –ø–æ—ç—Ç–æ–º—É –Ω–µ –≤—Å–µ –ø–æ–ª–∏–≤–∏—Ç–∞–º–∏–Ω–Ω—ã–µ –∫–æ–º–ø–ª–µ–∫—Å—ã –¥–∞—é—Ç —Ç–æ—Ç —Ç–µ—Ä–∞–ø–µ–≤—Ç–∏—á–µ—Å–∫–∏–π —ç—Ñ—Ñ–µ–∫—Ç, –Ω–∞ –∫–æ—Ç–æ—Ä—ã–π —Ä–∞—Å—Å—á–∏—Ç—ã–≤–∞—é—Ç –≤—Ä–∞—á–∏ –∏ –ø–∞—Ü–∏–µ–Ω—Ç—ãü§î

ü§∑‚Äç‚ôÄÔ∏è–í —Ö–æ–¥–µ –∏–∑—É—á–µ–Ω–∏—è —Å–æ—Å—Ç–∞–≤–∞ –≤–∏—Ç–∞–º–∏–Ω–æ–≤ –≤—ã—è—Å–Ω–∏–ª–æ—Å—å, —á—Ç–æ –≤–∑–∞–∏–º–æ–¥–µ–π—Å—Ç–≤–∏–µ  –¥–≤—É—Ö –∏ –±–æ–ª—å—à–µ –≤–µ—â–µ—Å—Ç–≤ –º–æ–∂–µ—Ç –ø—Ä–∏–≤–æ–¥–∏—Ç—å –∫ —É—Å–∏–ª–µ–Ω–∏—é –ª–∏–±–æ —Å–Ω–∏–∂–µ–Ω–∏—é —ç—Ñ—Ñ–µ–∫—Ç–∞ –ø—Ä–∏ –∫–æ–º–±–∏–Ω–∏—Ä–æ–≤–∞–Ω–Ω–æ–º –ø—Ä–∏–µ–º–µ.
‚òùÔ∏è–¢–µ–ø–µ—Ä—å –æ –≥–ª–∞–≤–Ω–æ–º:

üí°–ö–∞–∫–∏–µ –≤–∏—Ç–∞–º–∏–Ω—ã –ú–û–ñ–ù–û –∏ –ù–£–ñ–ù–û —Å–æ–≤–º–µ—â–∞—Ç—å:
‚úÖ –í–∏—Ç–∞–º–∏–Ω—ã –ê, –ï –∏ –° —Ö–æ—Ä–æ—à–æ –≤–∑–∞–∏–º–æ–¥–µ–π—Å—Ç–≤—É—é—Ç –º–µ–∂–¥—É —Å–æ–±–æ–π. –í–∏—Ç–∞–º–∏–Ω –ï –ø—Ä–µ–ø—è—Ç—Å—Ç–≤—É–µ—Ç –æ–∫–∏—Å–ª–µ–Ω–∏—é –≤–∏—Ç–∞–º–∏–Ω–∞ –ê, –∞ –≤–∏—Ç–∞–º–∏–Ω –° –≤—ã—Å—Ç—É–ø–∞–µ—Ç –µ—Å—Ç–µ—Å—Ç–≤–µ–Ω–Ω—ã–º –∫–∞—Ç–∞–ª–∏–∑–∞—Ç–æ—Ä–æ–º –¥–ª—è –æ–±–æ–∏—Ö –≤–∏—Ç–∞–º–∏–Ω–æ–≤, —É—Å–∏–ª–∏–≤–∞—è –∏—Ö –¥–µ–π—Å—Ç–≤–∏–µ.
‚úÖ –í–∏—Ç–∞–º–∏–Ω—ã –í2 –∏ –í6 –∏–¥–µ–∞–ª—å–Ω–æ –ø–æ–¥—Ö–æ–¥—è—Ç –∫ –≤–∏—Ç–∞–º–∏–Ω—É –ö;
‚úÖ–í12 (—Ü–∏–∞–Ω–æ–∫–æ–±–∞–ª–∞–º–∏–Ω) —Ä–µ–∫–æ–º–µ–Ω–¥—É–µ—Ç—Å—è –∏—Å–ø–æ–ª—å–∑–æ–≤–∞—Ç—å –≤ –∫–æ–º–ø–ª–µ–∫—Å–µ —Å –í5(–ø–∞–Ω—Ç–æ—Ç–µ–Ω–æ–≤–∞—è –∫–∏—Å–ª–æ—Ç–∞)–í9;
‚úÖ–í–∏—Ç–∞–º–∏–Ω –° –ø–æ–≤—ã—à–∞–µ—Ç –∞–∫—Ç–∏–≤–Ω–æ—Å—Ç—å –≤–∏—Ç–∞–º–∏–Ω–æ–≤ –ê,–ï

–ü—Ä–æ–¥–æ–ª–∂–µ–Ω–∏–µ –≤ –∫–∞—Ä—É—Å–µ–ª–∏ ‚û°Ô∏è

–ë–µ—Ä–µ–≥–∏—Ç–µ —Å–µ–±—è –∏ —Å–≤–æ–∏—Ö –¥–µ—Ç–æ–∫ ‚ù§Ô∏è
üë©‚Äç‚öïÔ∏è –í–∞—à –≤—Ä–∞—á-–ø–µ–¥–∏–∞—Ç—Ä‚Å£‚Å£‚†Ä
üîª–ú–µ—Ç–µ–ª—å—Å–∫–∞—è –î–∞—Ä—å—è –°–µ—Ä–≥–µ–µ–≤–Ω–∞ ‚Å£",2,14,0,229.0
170,2022-08-11 13:24:00,1176249,-63416843,-63416843,"–ó–∞–±–æ–ª–µ–≤—à–∏—Ö Covid-19 –≤—Å–µ –±–æ–ª—å—à–µ. 
–£–∂–µ –∏ –Ω–æ–≤—ã–π —à—Ç–∞–º–º –µ—Å—Ç—å - –∫–µ–Ω—Ç–∞–≤—Ä (–Ω–∞ –º–æ–π –≤–∑–≥–ª—è–¥, —Å–∞–º–æ–µ –∏–Ω—Ç–µ—Ä–µ—Å–Ω–æ–µ –Ω–∞–∑–≤–∞–Ω–∏–µ). 
–ù–∞ –æ—Ñ–∏—Ü–∏–∞–ª—å–Ω—ã—Ö —Å–∞–π—Ç–∞—Ö –Ω–∞–∑–≤–∞–ª–∏ –ø—Ä–∏–∑–Ω–∞–∫–∏ (–∫–∞–∫ —É –û–†–í–ò, —Å–ª–æ–∂–Ω–æ –ø–µ—Ä–µ–ø—É—Ç–∞—Ç—å):
‚úÖ–±–æ–ª—å –≤ –≥–æ—Ä–ª–µ 
‚úÖ–±–æ–ª—å –≤ –≥–ª–∞–∑–∞—Ö 
‚úÖ–ª–æ–º–æ—Ç–∞ 
‚úÖ–∫–∞—à–µ–ª—å 
‚úÖ–≥–æ–ª–æ–≤–Ω–∞—è –±–æ–ª—å 
‚úÖ–Ω–∞—Å–º–æ—Ä–∫ 
‚úÖ–Ω–µ–≤—ã—Å–æ–∫–∞—è —Ç–µ–º–ø–µ—Ä–∞—Ç—É—Ä–∞ 
–í –ª—é–±–æ–º —Å–ª—É—á–∞–µ, —Å–æ–≤–µ—Ç—É—é—Ç –≤—Å–µ–≥–¥–∞ –æ–±—Ä–∞—â–∞—Ç—å—Å—è –∑–∞ –º–µ–¥–∏—Ü–∏–Ω—Å–∫–æ–π –ø–æ–º–æ—â—å—é –Ω–µ–∑–∞–º–µ–¥–ª–∏—Ç–µ–ª—å–Ω–æ, —Ç–∞–∫ –∫–∞–∫ –≤–æ–∑–º–æ–∂–Ω–æ—Å—Ç–∏ –æ—Ä–≥–∞–Ω–∏–∑–º–∞ —É –∫–∞–∂–¥–æ–≥–æ —Ä–∞–∑–Ω—ã–µ ü§∑‚Äç‚ôÄÔ∏è
–ù–∞–¥–µ—é—Å—å, –ø–æ—Å–ª–µ —ç—Ç–∏—Ö —à—Ç–∞–º–º–æ–≤ –Ω–µ –±—É–¥–µ—Ç —Ç–∞–∫–∏—Ö —Å–∏–ª—å–Ω—ã—Ö –ø–æ—Å–ª–µ–¥—Å—Ç–≤–∏–πüò©
–í—Å–µ–º –∑–¥–æ—Ä–æ–≤—å—è –∏ —Ö–æ—Ä–æ—à–µ–≥–æ –¥–Ω—è!",11,17,34,6019.0
207,2022-08-11 13:15:05,240681,-44965226,-44965226,"–ï—â–µ –æ–¥–Ω–∏ —Ñ–∞–∫—Ç—ã, –∏–º–µ—é—â–∏–µ –¥–∞–ª—å–Ω—é—é –∏—Å—Ç–æ—Ä–∏—é —Å 1980-—Ö –≥–æ–¥–æ–≤ü§îüó£
üîΩüîΩüîΩ

–ò—Å—Å–ª–µ–¥–æ–≤–∞–Ω–∏–µ, –ø—Ä–æ–≤–µ–¥–µ–Ω–Ω–æ–µ –≥—Ä—É–ø–ø–æ–π –≥–µ–Ω–µ—Ç–∏–∫–æ–≤ –∏–∑ –î–µ–ª–∏, –ò–Ω–¥–∏—è, –∑–∞—Å—Ç–∞–≤–∏–ª–æ –¥–æ–∫—Ç–æ—Ä–∞ –õ–∏ –ú–µ—Ä—Ä–∏—Ç—Ç –æ—Å–æ–∑–Ω–∞—Ç—å, —á—Ç–æ —É—Ö–∞–Ω—å—Å–∫–∏–π –∫–æ—Ä–æ–Ω–∞–≤–∏—Ä—É—Å (COVID-19) —Å–æ–∑–¥–∞–Ω —á–µ–ª–æ–≤–µ–∫–æ–º. 
 
–û–Ω–∞ —Ä–∞—Å—Å–∫–∞–∑–∞–ª–∞ –¥–æ–∫—Ç–æ—Ä—É –°—Ç–∏–≤—É –•–æ—Ç—Ü–µ, —á—Ç–æ –≥–µ–Ω–µ—Ç–∏–∫–∏ –∏–∑—É—á–∏–ª–∏ —Å—É–±—ä–µ–¥–∏–Ω–∏—Ü—É S1 –±–µ–ª–∫–∞ spike, –∏ –∏—Ö —Ä–µ–∑—É–ª—å—Ç–∞—Ç—ã —É–±–µ–¥–∏–ª–∏ –µ–µ, —á—Ç–æ —ç—Ç–æ —Ç–∞ –∂–µ —Å–∞–º–∞—è —Å—É–±—ä–µ–¥–∏–Ω–∏—Ü–∞ S1 –≤–∏—Ä—É—Å–∞ 1980-—Ö –≥–æ–¥–æ–≤: –≤–∏—Ä—É—Å –∏–º–º—É–Ω–æ–¥–µ—Ñ–∏—Ü–∏—Ç–∞ —á–µ–ª–æ–≤–µ–∫–∞ (–í–ò–ß). 
 
–ú–µ—Ä—Ä–∏—Ç—Ç, —Ö–∏—Ä—É—Ä–≥-–æ—Ä—Ç–æ–ø–µ–¥, —Ä–∞–Ω–µ–µ –∏–∑—É—á–∞–ª–∞ –±–∏–æ–ª–æ–≥–∏—á–µ—Å–∫–æ–µ –æ—Ä—É–∂–∏–µ –≤ —Å–æ—Å—Ç–∞–≤–µ –ø–æ–¥–∫–æ–º–∏—Ç–µ—Ç–∞ –∫–æ–Ω–≥—Ä–µ—Å—Å–∞ –≤ –í–∞—à–∏–Ω–≥—Ç–æ–Ω–µ, –æ–∫—Ä—É–≥ –ö–æ–ª—É–º–±–∏—è, –ø–æ—ç—Ç–æ–º—É —É –Ω–µ–µ –µ—Å—Ç—å –æ–ø—ã—Ç –≤ —ç—Ç–æ–º –≤–æ–ø—Ä–æ—Å–µ.

–ü–æ–¥—Ä–æ–±–Ω–µ–µ: http://redko-da-metko.ru/2022/08/11/otchet-doktora-hotze-subediniza-spaik-vizivaet-immunodefizit/",21,269,112,4738.0
208,2022-08-11 13:14:58,2190,664959159,664959159,"SANIT√Ä
9 agosto 2022 - 20:47
Treviso, appello no vax su carta intestata della clinica: il medico Pietro Gasparoni licenziato
di Michela Nicolussi Moro

La prima a prendere le distanze √® l‚ÄôUsl Marca Trevigiana: ¬´Non √® un nostro medico, il Centro di Medicina di Montebelluna non √® convenzionato con noi¬ª. No, non lo √®, ma la linea, affidata a un breve comunicato, √® la stessa: ¬´Sta circolando sui Social una missiva su carta intestata del Centro di Medicina e del dottor Pietro Gasparoni: il centro non √® l‚Äôautore di tale comunicazione, da cui si dissocia integralmente, sia nelle forme che, soprattutto, nei contenuti. Verranno avvisate le autorit√† competenti, per impedirne l‚Äôulteriore divulgazione¬ª.
L‚Äôappello no vax
Al centro della bufera un endocrinologo di fama, con oltre 200 pubblicazioni alle spalle, appunto il dottor Pietro Gasparoni, che ha pensato bene di lanciare dalla sua pagina Facebook un appello no vax, utilizzando per di pi√π la carta intestata del Centro di Medicina(che in serata prender√† la decisione di licenziarlo) per il quale lavora da libero professionista, essendo gi√† in pensione (ha 73 anni). Il medico prende spunto dall‚Äôinvito ad assumere la quarta dose lanciato agli over 60 e ai pazienti fragili dal ministero della Salute per scagliare un‚Äôinvettiva dai toni forti. In alcuni passaggi (che non riporteremo) addirittura offensiva nei confronti del governatore Luca Zaia e del ministro della Salute, Roberto Speranza, bersagli di insulti molto pesanti. ¬´Non vaccinatevi! ‚Äî l‚Äôesordio del messaggio alla popolazione ‚Äî o pensateci dopo aver letto le mie considerazioni, condivise da molti medici e sanitari, non solo no vax. Al nostro sistema di difesa viene chiesto di produrre un solo anticorpo. Le altre filiere, quelle della difesa naturale, riducono la produzione, e il soggetto con pi√π vaccinazioni diventa immunodeficiente, con facilit√† prende il Covid-19. Viene ridotta la possibilit√† della cosiddetta vaccinazione di gregge, gli capita il fuoco di Sant‚ÄôAntonio, la tiroidite virale, senza pensare a patologie pi√π gravi, come malattie autoimmuni o le miocardiopatie. Ma queste informazioni non verranno mai dette ‚Äî aggiunge Gasparoni ‚Äî ho testimonianze reali che la classe medica ha un‚Äôimmorale omert√† a segnalare, anche solo nel dubbio, queste situazioni¬ª.
Medico licenziato
Il Centro di Medicina di Montebelluna ha gi√† messo la pratica nelle mani dei propri avvocati e fa sapere: ¬´Il dottor Gasparoni ha fatto un uso improprio della carta intestata che dovrebbe utilizzare solo per le ricette, non certo per motivi personali. Ora valuteremo le ipotesi di reato alla base della denuncia che depositeremo. Non possiamo sospendere noi il professionista, √® un passo che spetta all‚ÄôOrdine dei Medici di Treviso, al quale l‚Äôabbiamo segnalato¬ª. Dal canto suo l‚Äôendocrinologo non recede di un millimetro: ¬´Sul mio profilo Facebook scrivo quello che voglio¬ª. E in giornata arriva anche una replica ufficiale: ¬´Voglio dimostrare il mio estremo rammarico per gli echi generati dalla mia personale valutazione e posizione medica, frutto della mia longeva esperienza professionale, in ordine alla adeguatezza o inadeguatezza dello strumento di prevenzione sanitaria, in quanto mai ho voluto rappresentare le valutazioni e posizioni del Centro di Medicina e mai ho voluto ingenerare l‚Äôipotesi che le mie affermazioni avessero a che fare con scelte operative, bioetiche e attivit√† sanitarie dell‚ÄôEnte¬ª. E in serata √® arrivata la conferma del licenziamento: la clinica avverte di ¬´aver risolto il rapporto di lavoro con il medico¬ª
L‚ÄôOrdine
Ora l‚ÄôOrdine deve decidere il da farsi, ma sono giorni di vacanza, probabilmente se ne parler√† dopo Ferragosto. ¬´Quando arriva una segnalazione la valutiamo e se lo riteniamo opportuno convochiamo in audizione il collega alla quale √® rivolta ‚Äî spiega il presidente Luigino Guarini ‚Äî. Una volta sentito, ci sono due opzioni: o l‚Äôarchiviazione del caso o l‚Äôistruzione di un procedimento disciplinare davanti alla commissione Albo. In quest‚Äôultimo caso viene garantito il diritto alla difesa. L‚Äôaudizione si convoca nel giro di pochi giorni, l‚Äôintero procedimento, se scatta, dura qualche mese. Al momento posso dire che un articolo del nostro codice deontologico vieta il procurato allarme, che si configura quando il medico insinua nei pazienti dubbi non supportati da dati scientifici o false speranze. L‚Äôopinione personale √® legittima, per√≤ nella divulgazione bisogna attenersi a ci√≤ che dice la scienza¬ª. Quanto all‚Äôutilizzo della carta intestata della clinica, Guarini conviene: ¬´Dev‚Äôessere inerente all‚Äôattivit√† svolta dal professionista nella struttura interessata. E quindi va usata per le prescrizioni o per informare il paziente in merito a terapie ed esami diagnostici. Altre dichiarazioni possono essere discutibili¬ª.",1,3,2,36.0
214,2022-08-11 13:12:58,26895,27261727,27261727,"–ó–∞–Ω–æ–∑–∞

–£ –†–æ—Å—Å–∏–∏ –µ—Å—Ç—å –ª–µ–≥–∏—Ç–∏–º–Ω–æ–µ –æ—Å–Ω–æ–≤–∞–Ω–∏–µ –¥–ª—è –ø—Ä–æ–≤–µ–¥–µ–Ω–∏—è —Ç—Ä–∏–±—É–Ω–∞–ª–∞ –Ω–∞–¥ –°–®–ê –∑–∞ –±–∏–æ—Ç–µ—Ä—Ä–æ—Ä–∏–∑–º
–£ –ø—Ä–∞–≤–æ–ø—Ä–µ–µ–º–Ω–∏—Ü—ã –°–°–°–† –ø–æ-–ø—Ä–µ–∂–Ω–µ–º—É –µ—Å—Ç—å —Å—Ç—Ä—É–∫—Ç—É—Ä–∞, —Å–æ–∑–¥–∞–Ω–Ω–∞—è –¥–ª—è –æ—Å—É–∂–¥–µ–Ω–∏—è –≤–æ–µ–Ω–Ω—ã—Ö –ø—Ä–µ—Å—Ç—É–ø–ª–µ–Ω–∏–π –Ω–∞—Ü–∏—Å—Ç—Å–∫–æ–π –ì–µ—Ä–º–∞–Ω–∏–∏

–£ –†–æ—Å—Å–∏–∏ –µ—Å—Ç—å –ª–µ–≥–∏—Ç–∏–º–Ω–æ–µ –æ—Å–Ω–æ–≤–∞–Ω–∏–µ –¥–ª—è –ø—Ä–æ–≤–µ–¥–µ–Ω–∏—è —Ç—Ä–∏–±—É–Ω–∞–ª–∞ –Ω–∞–¥ –°–®–ê –∑–∞ –±–∏–æ—Ç–µ—Ä—Ä–æ—Ä–∏–∑–º–§–æ—Ç–æ: ¬© Arman Zhenikeyev/YAY/TASS

–ö–æ—Ä–æ–Ω–∞–≤–∏—Ä—É—Å, –æ—Å–ø–∞ –æ–±–µ–∑—å—è–Ω –∏ –¥—Ä—É–≥–∏–µ –≤–∏—Ä—É—Å—ã —Å—Ç–∞–ª–∏ –∏–Ω—Å—Ç—Ä—É–º–µ–Ω—Ç–æ–º –±–∏–æ—Ç–µ—Ä—Ä–æ—Ä–∏–∑–º–∞ –≤ —Ä—É–∫–∞—Ö –°–®–ê, –∏ —ç—Ç–∞ –ø—Ä–µ—Å—Ç—É–ø–Ω–∞—è –¥–µ—è—Ç–µ–ª—å–Ω–æ—Å—Ç—å –ø–æ–¥–ª–µ–∂–∏—Ç –º–µ–∂–¥—É–Ω–∞—Ä–æ–¥–Ω–æ–º—É –æ—Å—É–∂–¥–µ–Ω–∏—é.

–ù–∞—á–∞–ª—å–Ω–∏–∫ –≤–æ–π—Å–∫ —Ä–∞–¥–∏–∞—Ü–∏–æ–Ω–Ω–æ–π, —Ö–∏–º–∏—á–µ—Å–∫–æ–π –∏ –±–∏–æ–ª–æ–≥–∏—á–µ—Å–∫–æ–π –∑–∞—â–∏—Ç—ã (–†–•–ë–ó) –í–æ–æ—Ä—É–∂–µ–Ω–Ω—ã—Ö —Å–∏–ª –†–§ –ò–≥–æ—Ä—å –ö–∏—Ä–∏–ª–ª–æ–≤ –ø—Ä–µ–¥—Å—Ç–∞–≤–∏–ª –Ω–æ–≤—ã–µ –¥–∞–Ω–Ω—ã–µ –æ –≤–æ–µ–Ω–Ω–æ-–±–∏–æ–ª–æ–≥–∏—á–µ—Å–∫–∏—Ö –ø—Ä–µ—Å—Ç—É–ø–ª–µ–Ω–∏—è—Ö –°–®–ê. –ü—Ä–∏–≤–µ–¥–µ–º –Ω–∞–∏–±–æ–ª–µ–µ –≤–∞–∂–Ω—ã–µ —Ç–µ–∑–∏—Å—ã –∏–∑ –µ–≥–æ –≤—ã—Å—Ç—É–ø–ª–µ–Ω–∏—è.

–ü–æ–ª—É—á–µ–Ω—ã –¥–æ–∫–∞–∑–∞—Ç–µ–ª—å—Å—Ç–≤–∞ —Ç–æ–≥–æ, —á—Ç–æ —É–∫—Ä–∞–∏–Ω—Å–∫–∏—Ö –≤–æ–µ–Ω–Ω–æ—Å–ª—É–∂–∞—â–∏—Ö, –ø–æ –ø—Ä–∏–º–µ—Ä—É —Ñ–∞—à–∏—Å—Ç—Å–∫–æ–π –ì–µ—Ä–º–∞–Ω–∏–∏, –Ω–∞–∫–∞—á–∏–≤–∞—é—Ç —Å–∏–Ω—Ç–µ—Ç–∏—á–µ—Å–∫–∏–º–∏ –ø—Ä–µ–ø–∞—Ä–∞—Ç–∞–º–∏ –Ω–∞—Ä–∫–æ—Ç–∏—á–µ—Å–∫–æ–≥–æ –¥–µ–π—Å—Ç–≤–∏—è. –ü–æ–±–æ—á–Ω—ã–º —ç—Ñ—Ñ–µ–∫—Ç–æ–º –ø–æ–¥–æ–±–Ω—ã—Ö –ø—Ä–µ–ø–∞—Ä–∞—Ç–æ–≤, –≤—ã–∑—ã–≤–∞—é—â–∏—Ö –Ω–∞—Ä–∫–æ—Ç–∏—á–µ—Å–∫—É—é –∑–∞–≤–∏—Å–∏–º–æ—Å—Ç—å, —è–≤–ª—è–µ—Ç—Å—è —á—Ä–µ–∑–º–µ—Ä–Ω–∞—è –∞–≥—Ä–µ—Å—Å–∏–≤–Ω–æ—Å—Ç—å. –ö–∞–∫ —Å–ª–µ–¥—Å—Ç–≤–∏–µ, —É–∫—Ä–∞–∏–Ω—Å–∫–∏–µ –≤–æ–µ–Ω–Ω–æ—Å–ª—É–∂–∞—â–∏–µ –ø—Ä–æ—è–≤–ª—è—é—Ç –∫—Ä–∞–π–Ω—é—é –∂–µ—Å—Ç–æ–∫–æ—Å—Ç—å –ø–æ –æ—Ç–Ω–æ—à–µ–Ω–∏—é –∫ –º–∏—Ä–Ω–æ–º—É –Ω–∞—Å–µ–ª–µ–Ω–∏—é.

 –í —Ö–æ–¥–µ –∏—Å–ø—ã—Ç–∞–Ω–∏–π –Ω–µ–∑–∞—Ä–µ–≥–∏—Å—Ç—Ä–∏—Ä–æ–≤–∞–Ω–Ω—ã—Ö –ø—Ä–µ–ø–∞—Ä–∞—Ç–æ–≤ –Ω–∞ –∂–∏—Ç–µ–ª—è—Ö –£–∫—Ä–∞–∏–Ω—ã –∏ –î–æ–Ω–±–∞—Å—Å–∞, –ø—Ä–µ–¥—Å—Ç–∞–≤–∏—Ç–µ–ª–∏ –∞–º–µ—Ä–∏–∫–∞–Ω—Å–∫–∏—Ö –∏ –µ–≤—Ä–æ–ø–µ–π—Å–∫–∏—Ö –∫–æ–º–ø–∞–Ω–∏–π —Å–æ–±–∏—Ä–∞—é—Ç –±–∏–æ–ª–æ–≥–∏—á–µ—Å–∫–∏–µ –ø—Ä–æ–±—ã, –≤–∫–ª—é—á–∞—è –æ–±—Ä–∞–∑—Ü—ã –∫—Ä–æ–≤–∏ –∏ —Å—ã–≤–æ—Ä–æ—Ç–∫–∏. –≠—Ç–∏ –ø—Ä–æ–±—ã –≤—ã–≤–æ–∑—è—Ç—Å—è –≤ –°–®–ê –∏ —Å—Ç—Ä–∞–Ω—ã –ï–≤—Ä–æ–ø—ã, —á—Ç–æ –º–æ–∂–µ—Ç —Å–≤–∏–¥–µ—Ç–µ–ª—å—Å—Ç–≤–æ–≤–∞—Ç—å –æ —Å–±–æ—Ä–µ –î–ù–ö –¥–ª—è —Ä–∞–∑—Ä–∞–±–æ—Ç–∫–∏ –±–∏–æ–æ—Ä—É–∂–∏—è, –Ω–∞—Ü–µ–ª–µ–Ω–Ω–æ–≥–æ –Ω–∞ –∫–æ–Ω–∫—Ä–µ—Ç–Ω—ã–µ —ç—Ç–Ω–∏—á–µ—Å–∫–∏–µ –≥—Ä—É–ø–ø—ã.

–ü–æ –º–Ω–µ–Ω–∏—é —Ä–æ—Å—Å–∏–π—Å–∫–∏—Ö —Å–ø–µ—Ü–∏–∞–ª–∏—Å—Ç–æ–≤, —á–µ–ª–æ–≤–µ—á–µ—Å–∫–∏–π –∫–æ—Ä–æ–Ω–∞–≤–∏—Ä—É—Å –∏—Å–∫—É—Å—Å—Ç–≤–µ–Ω–Ω–æ —Å–æ–∑–¥–∞–Ω —Å –∏—Å–ø–æ–ª—å–∑–æ–≤–∞–Ω–∏–µ–º –∞–º–µ—Ä–∏–∫–∞–Ω—Å–∫–∏—Ö –¥–æ—Å—Ç–∏–∂–µ–Ω–∏–π –≤ –æ–±–ª–∞—Å—Ç–∏ –±–∏–æ—Ç–µ—Ö–Ω–æ–ª–æ–≥–∏–∏. –ú–Ω–æ–≥–∏–µ –ø—Ä–∏–∑–Ω–∞–∫–∏ —Å–≤–∏–¥–µ—Ç–µ–ª—å—Å—Ç–≤—É—é—Ç –æ —Ç–æ–º, —á—Ç–æ –ø–∞–Ω–¥–µ–º–∏—è COVID-19 –∏—Å–∫—É—Å—Å—Ç–≤–µ–Ω–Ω–æ –ø–æ–¥–ø–∏—Ç—ã–≤–∞–µ—Ç—Å—è –ø–æ—Å—Ä–µ–¥—Å—Ç–≤–æ–º ¬´–≤–±—Ä–æ—Å–∞¬ª –Ω–æ–≤—ã—Ö –≤–∞—Ä–∏–∞–Ω—Ç–æ–≤ –≤–∏—Ä—É—Å–∞ –≤ —Ç–æ–º –∏–ª–∏ –∏–Ω–æ–º —Ä–µ–≥–∏–æ–Ω–µ.

–ü—Ä–µ–¥–ø–æ–ª–∞–≥–∞–µ—Ç—Å—è, —á—Ç–æ –∫ –≤–æ–∑–Ω–∏–∫–Ω–æ–≤–µ–Ω–∏—é SARS-CoV-2 –ø—Ä–∏—á–∞—Å—Ç–Ω–æ –ê–≥–µ–Ω—Ç—Å—Ç–≤–æ –°–®–ê –ø–æ –º–µ–∂–¥—É–Ω–∞—Ä–æ–¥–Ω–æ–º—É —Ä–∞–∑–≤–∏—Ç–∏—é (USAID). –ü–æ—è–≤–ª–µ–Ω–∏–µ –Ω–æ–≤–æ–≥–æ –∫–æ—Ä–æ–Ω–∞–≤–∏—Ä—É—Å–∞ —Å–≤—è–∑—ã–≤–∞–µ—Ç—Å—è —Å —Ä–µ–∞–ª–∏–∑–∞—Ü–∏–µ–π –ø—Ä–æ–≥—Ä–∞–º–º—ã –∞–≥–µ–Ω—Ç—Å—Ç–≤–∞ ¬´–ü—Ä–µ–¥–∏–∫—Ç¬ª. –¢–∞–∫–∂–µ –ø—Ä–æ—Å–ª–µ–∂–∏–≤–∞–µ—Ç—Å—è —á–µ—Ç–∫–∞—è —Ç–µ–Ω–¥–µ–Ω—Ü–∏—è, –∫–æ–≥–¥–∞ –≤–æ–∑–±—É–¥–∏—Ç–µ–ª–∏ –∏–Ω—Ñ–µ–∫—Ü–∏–æ–Ω–Ω—ã—Ö –±–æ–ª–µ–∑–Ω–µ–π, –ø–æ–ø–∞–¥–∞—é—â–∏–µ –≤ –∑–æ–Ω—É –∏–Ω—Ç–µ—Ä–µ—Å–æ–≤ –ü–µ–Ω—Ç–∞–≥–æ–Ω–∞, –≤ –¥–∞–ª—å–Ω–µ–π—à–µ–º –ø–æ–ª—É—á–∞—é—Ç –ø–∞–Ω–¥–µ–º–∏—á–µ—Å–∫–æ–µ —Ä–∞—Å–ø—Ä–æ—Å—Ç—Ä–∞–Ω–µ–Ω–∏–µ. –ü—Ä–∏ —ç—Ç–æ–º –≤—ã–≥–æ–¥–æ–ø—Ä–∏–æ–±—Ä–µ—Ç–∞—Ç–µ–ª—è–º–∏ —Å—Ç–∞–Ω–æ–≤—è—Ç—Å—è –∞–º–µ—Ä–∏–∫–∞–Ω—Å–∫–∏–µ —Ñ–∞—Ä–º–∞–∫–æ–ª–æ–≥–∏—á–µ—Å–∫–∏–µ –∫–æ–º–ø–∞–Ω–∏–∏ –∏ –∏—Ö –ø–æ–∫—Ä–æ–≤–∏—Ç–µ–ª–∏ ‚Äì –ª–∏–¥–µ—Ä—ã –î–µ–º–æ–∫—Ä–∞—Ç–∏—á–µ—Å–∫–æ–π –ø–∞—Ä—Ç–∏–∏ –°–®–ê.

–î–æ–ø–æ–ª–Ω–∏—Ç–µ–ª—å–Ω–æ –ò–≥–æ—Ä—å –ö–∏—Ä–∏–ª–ª–æ–≤ –∑–∞—è–≤–∏–ª –æ –Ω–∞–ª–∏—á–∏–∏ –¥–æ–∫—É–º–µ–Ω—Ç–∞–ª—å–Ω—ã—Ö –ø–æ–¥—Ç–≤–µ—Ä–∂–¥–µ–Ω–∏–π –º–∞—Å—à—Ç–∞–±–Ω–æ–≥–æ –∏—Å–ø–æ–ª—å–∑–æ–≤–∞–Ω–∏—è –®—Ç–∞—Ç–∞–º–∏ –±–∏–æ–ª–æ–≥–∏—á–µ—Å–∫–æ–≥–æ –æ—Ä—É–∂–∏—è –Ω–∞ —Ç–µ—Ä—Ä–∏—Ç–æ—Ä–∏–∏ –õ–∞—Ç–∏–Ω—Å–∫–æ–π –ê–º–µ—Ä–∏–∫–∏. –¢–∞–∫, –Ω–∞ –ö—É–±–µ –æ—Å—É—â–µ—Å—Ç–≤–ª—è–ª–æ—Å—å —É–º—ã—à–ª–µ–Ω–Ω–æ–µ —Ä–∞—Å–ø—Ä–æ—Å—Ç—Ä–∞–Ω–µ–Ω–∏–µ –≤–æ–∑–±—É–¥–∏—Ç–µ–ª–µ–π –∑–∞–±–æ–ª–µ–≤–∞–Ω–∏–π —ç–∫–æ–Ω–æ–º–∏—á–µ—Å–∫–∏ –∑–Ω–∞—á–∏–º—ã—Ö —Å–µ–ª—å—Å–∫–æ—Ö–æ–∑—è–π—Å—Ç–≤–µ–Ω–Ω—ã—Ö –∫—É–ª—å—Ç—É—Ä. –í —Å–æ–æ—Ç–≤–µ—Ç—Å—Ç–≤–∏–∏ —Å –∏–º–µ—é—â–µ–π—Å—è —É –í–µ–Ω–µ—Å—É—ç–ª—ã –∏–Ω—Ñ–æ—Ä–º–∞—Ü–∏–µ–π, —Å–ø–µ—Ü—Å–ª—É–∂–±—ã –°–®–ê –ª–∏–∫–≤–∏–¥–∏—Ä–æ–≤–∞–ª–∏ –≤–µ–Ω–µ—Å—É—ç–ª—å—Å–∫–æ–≥–æ –ª–∏–¥–µ—Ä–∞ –£–≥–æ –ß–∞–≤–µ—Å–∞ —Å –ø–æ–º–æ—â—å—é –ø—Ä–µ–ø–∞—Ä–∞—Ç–∞, –∫–æ—Ç–æ—Ä—ã–π –ø—Ä–∏ –∫—Ä–∞—Ç–∫–æ—Å—Ä–æ—á–Ω–æ–º –≤–≤–µ–¥–µ–Ω–∏–∏ –≤ –æ—Ä–≥–∞–Ω–∏–∑–º –ø—Ä–æ–≤–æ—Ü–∏—Ä—É—é—Ç —Ä–∞–∑–≤–∏—Ç–∏–µ —Ä–∞–∑–ª–∏—á–Ω—ã—Ö —Ñ–æ—Ä–º —Ä–∞–∫–∞.

 –î–æ–∫—É–º–µ–Ω—Ç–∞–ª—å–Ω—ã–µ —Å–≤–∏–¥–µ—Ç–µ–ª—å—Å—Ç–≤–∞ –≤–æ–µ–Ω–Ω–æ-–±–∏–æ–ª–æ–≥–∏—á–µ—Å–∫–∏—Ö –ø—Ä–µ—Å—Ç—É–ø–ª–µ–Ω–∏–π –ø–µ—Ä–µ–¥–∞–Ω—ã –≤ –°–ª–µ–¥—Å—Ç–≤–µ–Ω–Ω—ã–π –∫–æ–º–∏—Ç–µ—Ç –†–§. –û—á–µ–≤–∏–¥–Ω–æ, —á—Ç–æ –ø–æ—Å–ª–µ –∑–∞–≤–µ—Ä—à–µ–Ω–∏—è —Ä–∞—Å—Å–ª–µ–¥–æ–≤–∞–Ω–∏—è –æ–Ω–∏ –¥–æ–ª–∂–Ω—ã –ø–æ—Å–ª—É–∂–∏—Ç—å –¥–æ–∫–∞–∑–∞—Ç–µ–ª—å–Ω–æ–π –±–∞–∑–æ–π –Ω–∞ –º–µ–∂–¥—É–Ω–∞—Ä–æ–¥–Ω–æ–º –ø—Ä–æ—Ü–µ—Å—Å–µ –ø–æ –æ–±–≤–∏–Ω–µ–Ω–∏—é –°–®–ê –≤ –±–∏–æ—Ç–µ—Ä—Ä–æ—Ä–∏–∑–º–µ. –í —Ç–æ –∂–µ –≤—Ä–µ–º—è, –ø–æ –º–Ω–µ–Ω–∏—é –ò–≥–æ—Ä—è –ö–∏—Ä–∏–ª–ª–æ–≤–∞, –¥–ª—è –ø—Ä–æ–≤–µ–¥–µ–Ω–∏—è —ç—Ç–æ–≥–æ –ø—Ä–æ—Ü–µ—Å—Å–∞ –º–æ–∂–µ—Ç –≤–æ–∑–Ω–∏–∫–Ω—É—Ç—å –ø—Ä–µ–ø—è—Ç—Å—Ç–≤–∏–µ.

–î–µ–ª–æ –≤ —Ç–æ–º, —á—Ç–æ –≤–æ–ø—Ä–æ—Å—ã, —Å–≤—è–∑–∞–Ω–Ω—ã–µ —Å –∑–∞–ø—Ä–µ—Ç–æ–º –ø—Ä–∏–º–µ–Ω–µ–Ω–∏—è –±–∏–æ–æ—Ä—É–∂–∏—è, —Ñ–æ—Ä–º–∞–ª—å–Ω–æ —Ä–µ–≥—É–ª–∏—Ä—É—é—Ç—Å—è –ö–æ–Ω–≤–µ–Ω—Ü–∏–µ–π –û–û–ù –æ –∑–∞–ø—Ä–µ—â–µ–Ω–∏–∏ –±–∏–æ–ª–æ–≥–∏—á–µ—Å–∫–æ–≥–æ –∏ —Ç–æ–∫—Å–∏–Ω–Ω–æ–≥–æ –æ—Ä—É–∂–∏—è (–ö–ë–¢–û). –ù–æ –≤ —ç—Ç–æ–π –∫–æ–Ω–≤–µ–Ω—Ü–∏–∏ –Ω–µ —É–∫–∞–∑–∞–Ω–∞ –æ—Ä–≥–∞–Ω–∏–∑–∞—Ü–∏—è, –∫–æ—Ç–æ—Ä–∞—è –¥–æ–ª–∂–Ω–∞ –æ–ø—Ä–µ–¥–µ–ª—è—Ç—å, –∫–∞–∫–æ–π –±–∏–æ–∞–≥–µ–Ω—Ç —Å–ª–µ–¥—É–µ—Ç —Ä–∞—Å—Å–º–∞—Ç—Ä–∏–≤–∞—Ç—å –±–∏–æ–æ—Ä—É–∂–∏–µ–º, –∞ –∫–∞–∫–æ–π –Ω–µ—Ç. –¢–∞–∫–∂–µ –≤ –∫–æ–Ω–≤–µ–Ω—Ü–∏–∏ –Ω–µ –ø—Ä–µ–¥—É—Å–º–æ—Ç—Ä–µ–Ω –º–µ—Ö–∞–Ω–∏–∑–º –∫–æ–Ω—Ç—Ä–æ–ª—è –∑–∞ –µ–µ —Å–æ–±–ª—é–¥–µ–Ω–∏–µ–º. –í —Å–≤—è–∑–∏ —Å —ç—Ç–∏–º –≤–æ–µ–Ω–Ω–æ-–±–∏–æ–ª–æ–≥–∏—á–µ—Å–∫—É—é –¥–µ—è—Ç–µ–ª—å–Ω–æ—Å—Ç—å –Ω–µ—Å–ª–æ–∂–Ω–æ –∑–∞–∫–∞–º—É—Ñ–ª–∏—Ä–æ–≤–∞—Ç—å –ø–æ–¥ ¬´–Ω–∞—É—á–Ω—ã–µ¬ª –∏—Å—Å–ª–µ–¥–æ–≤–∞–Ω–∏—è. –î–æ–∫–∞–∑–∞—Ç—å, —á—Ç–æ —ç—Ç–æ –∏–º–µ–Ω–Ω–æ —Å–æ–∑–¥–∞–Ω–∏–µ –±–∏–æ–ª–æ–≥–∏—á–µ—Å–∫–æ–≥–æ –æ—Ä—É–∂–∏—è –≤ —Ä–∞–º–∫–∞—Ö –ö–ë–¢–û –ø—Ä–∞–∫—Ç–∏—á–µ—Å–∫–∏ –Ω–µ—Ä–µ–∞–ª—å–Ω–æ. –ù–µ –ø—Ä–µ–¥—É—Å–º–æ—Ç—Ä–µ–Ω –≤ –∫–æ–Ω–≤–µ–Ω—Ü–∏–∏ –û–û–ù –∏ –º–µ—Ö–∞–Ω–∏–∑–º –Ω–∞–∫–∞–∑–∞–Ω–∏—è –∑–∞ –µ–µ –Ω–∞—Ä—É—à–µ–Ω–∏–µ.

–í 1997 –≥–æ–¥—É –ö—É–±–∞ –ø–æ–ø—Ä–æ–±–æ–≤–∞–ª–∞, —Å—Å—ã–ª–∞—è—Å—å –Ω–∞ –ö–ë–¢–û, –¥–æ–±–∏—Ç—å—Å—è –º–µ–∂–¥—É–Ω–∞—Ä–æ–¥–Ω–æ–≥–æ —Ä–∞—Å—Å–ª–µ–¥–æ–≤–∞–Ω–∏—è –∏ –æ—Å—É–∂–¥–µ–Ω–∏—è –∏—Å–ø–æ–ª—å–∑–æ–≤–∞–Ω–∏—è –ø—Ä–æ—Ç–∏–≤ –Ω–µ–µ –±–∏–æ–æ—Ä—É–∂–∏—è. –í –æ—Å–Ω–æ–≤—É –æ–±–≤–∏–Ω–µ–Ω–∏—è –±—ã–ª–∏ –ø–æ–ª–æ–∂–µ–Ω—ã –¥–∞–Ω–Ω—ã–µ –æ —Ä–∞—Å–ø—ã–ª–µ–Ω–∏–∏ —Å –∞–º–µ—Ä–∏–∫–∞–Ω—Å–∫–æ–≥–æ —Å–∞–º–æ–ª–µ—Ç–∞ –±–∏–æ–ª–æ–≥–∏—á–µ—Å–∫–æ–≥–æ –∞–≥–µ–Ω—Ç–∞ Thrips palmi, –ø–æ—Ä–∞–∂–∞—é—â–µ–≥–æ —Å–µ–ª—å—Å–∫–æ—Ö–æ–∑—è–π—Å—Ç–≤–µ–Ω–Ω—ã–µ –∫—É–ª—å—Ç—É—Ä—ã. –í–≤–∏–¥—É –Ω–µ–¥–æ—Å—Ç–∞—Ç–∫–æ–≤ –∫–æ–Ω–≤–µ–Ω—Ü–∏–∏ –û–û–ù, —Ä–∞—Å—Å–º–æ—Ç—Ä–µ–Ω–∏–µ –∫—É–±–∏–Ω—Å–∫–æ–≥–æ –æ–±—Ä–∞—â–µ–Ω–∏—è –∑–∞–∫–æ–Ω—á–∏–ª–æ—Å—å –±–µ–∑—Ä–µ–∑—É–ª—å—Ç–∞—Ç–Ω–æ.

–û–¥–Ω–∞–∫–æ —É –†–æ—Å—Å–∏–∏ –µ—Å—Ç—å –≤–∞–∂–Ω–æ–µ –ø—Ä–µ–∏–º—É—â–µ—Å—Ç–≤–æ. –î–µ–ª–æ –≤ —Ç–æ–º, —á—Ç–æ –†–æ—Å—Å–∏–π—Å–∫–∞—è –§–µ–¥–µ—Ä–∞—Ü–∏—è —è–≤–ª—è–µ—Ç—Å—è –æ–¥–Ω–∏–º –∏–∑ –æ—Å–Ω–æ–≤–æ–ø–æ–ª–æ–∂–Ω–∏–∫–æ–≤ –û–û–ù, –Ω–∞—á–∞–ª–æ —Å–æ–∑–¥–∞–Ω–∏—é –∫–æ—Ç–æ—Ä–æ–π –±—ã–ª–æ –ø–æ–ª–æ–∂–µ–Ω–æ –≤ 1942 –≥–æ–¥—É. –ò–º–µ–Ω–Ω–æ —Ç–æ–≥–¥–∞ –°–°–°–†, –°–®–ê, –°–æ–µ–¥–∏–Ω–µ–Ω–Ω–æ–µ –ö–æ—Ä–æ–ª–µ–≤—Å—Ç–≤–æ –∏ –ö–∏—Ç–∞–π –ø—Ä–∏–Ω—è–ª–∏ –î–µ–∫–ª–∞—Ä–∞—Ü–∏—é –û–±—ä–µ–¥–∏–Ω–µ–Ω–Ω—ã—Ö –ù–∞—Ü–∏–π. –ù–∞ –µ–µ –æ—Å–Ω–æ–≤–µ –±—ã–ª–æ –ø—Ä–∏–Ω—è—Ç–æ —Ä–µ—à–µ–Ω–∏–µ –æ –Ω–∞–∫–∞–∑–∞–Ω–∏–∏ –Ω–∞—Ü–∏—Å—Ç—Å–∫–∏—Ö –ø—Ä–µ—Å—Ç—É–ø–Ω–∏–∫–æ–≤ –∏ –ø–æ–¥–≥–æ—Ç–æ–≤–ª–µ–Ω –ø—Ä–æ–µ–∫—Ç ¬´–æ—Ä–≥–∞–Ω–∏–∑–æ–≤–∞–Ω–Ω–æ–≥–æ –ø—Ä–∞–≤–æ—Å—É–¥–∏—è¬ª. –ü—Ä–µ–¥–ø–æ–ª–∞–≥–∞–ª–æ—Å—å —Å–æ–∑–¥–∞–Ω–∏–µ –ú–µ–∂—Å–æ—é–∑–Ω–∏—á–µ—Å–∫–æ–π (–ú–µ–∂–¥—É–Ω–∞—Ä–æ–¥–Ω–æ–π) –∫–æ–º–∏—Å—Å–∏–∏ –ø–æ –Ω–∞–∫–∞–∑–∞–Ω–∏—é –∑–∞ –≤–æ–µ–Ω–Ω—ã–µ –ø—Ä–µ—Å—Ç—É–ø–ª–µ–Ω–∏—è. –≠—Ç–∞ –∫–æ–º–∏—Å—Å–∏—è –¥–æ–ª–∂–Ω–∞ –±—ã–ª–∞ —Ñ—É–Ω–∫—Ü–∏–æ–Ω–∏—Ä–æ–≤–∞—Ç—å –≤ –≤–∏–¥–µ —á–µ—Ç—ã—Ä–µ—Ö —Å–∞–º–æ—Å—Ç–æ—è—Ç–µ–ª—å–Ω—ã—Ö —Å—Ç—Ä—É–∫—Ç—É—Ä–Ω—ã—Ö –ø–æ–¥—Ä–∞–∑–¥–µ–ª–µ–Ω–∏–π. –û–Ω–∏ –±—ã–ª–∏ —Å–æ–∑–¥–∞–Ω—ã –∏ —Ä–∞—Å–ø–æ–ª–æ–∂–µ–Ω—ã –≤ —Ä–∞–∑–Ω—ã—Ö —Å—Ç—Ä–∞–Ω–∞—Ö ‚Äì –≤ –í–µ–ª–∏–∫–æ–±—Ä–∏—Ç–∞–Ω–∏–∏, –°–®–ê, –°–°–°–† –∏ –ö–∏—Ç–∞–µ. –Æ—Ä–∏–¥–∏—á–µ—Å–∫–∞—è —Å–∏–ª–∞ –∏—Ö –¥–µ–π—Å—Ç–≤–∏–π –≤–ø–æ—Å–ª–µ–¥—Å—Ç–≤–∏–∏ –±—ã–ª–∞ –∑–∞–∫—Ä–µ–ø–ª–µ–Ω–∞ —Å—Ç–∞—Ç—å–µ–π 107 –£—Å—Ç–∞–≤–∞ –û–û–ù.

–í –°–°–°–† —Å—Ç—Ä—É–∫—Ç—É—Ä–Ω–æ–µ –ø–æ–¥—Ä–∞–∑–¥–µ–ª–µ–Ω–∏–µ –∫–æ–º–∏—Å—Å–∏–∏ –±—ã–ª–æ —Å–æ–∑–¥–∞–Ω–æ –∫–∞–∫ –æ—Ç–¥–µ–ª—å–Ω–æ–µ —é—Ä–∏–¥–∏—á–µ—Å–∫–æ–µ –ª–∏—Ü–æ —Å —Å–∞–º–æ—Å—Ç–æ—è—Ç–µ–ª—å–Ω—ã–º–∏ –ø–æ–ª–Ω–æ–º–æ—á–∏—è–º–∏. –§–æ—Ä–º–∞–ª—å–Ω–æ —ç—Ç–∞ —Å—Ç—Ä—É–∫—Ç—É—Ä–∞ –ø—Ä–æ–¥–æ–ª–∂–∞–µ—Ç —Å—É—â–µ—Å—Ç–≤–æ–≤–∞—Ç—å –∏ —Å–µ–≥–æ–¥–Ω—è. –í–∞–∂–Ω–∞—è –¥–µ—Ç–∞–ª—å: –≤ –µ–µ –∑–∞–¥–∞—á–∏ –∏ –ø–æ–ª–Ω–æ–º–æ—á–∏—è –≤—Ö–æ–¥–∏–ª–æ –Ω–µ —Ç–æ–ª—å–∫–æ —Ä–∞—Å—Å–ª–µ–¥–æ–≤–∞–Ω–∏–µ –Ω–∞—Ü–∏—Å—Ç—Å–∫–∏—Ö –∑–ª–æ–¥–µ—è–Ω–∏–π, –Ω–æ –∏ —Ä–∞–∑—Ä–∞–±–æ—Ç–∫–∞ –º–µ–∂–¥—É–Ω–∞—Ä–æ–¥–Ω—ã—Ö —Å–æ–≥–ª–∞—à–µ–Ω–∏–π –≤ –æ–±–ª–∞—Å—Ç–∏ —É–≥–æ–ª–æ–≤–Ω–æ–≥–æ –ø—Ä–∞–≤–∞. –í–æ–∑–æ–±–Ω–æ–≤–∏–≤ –¥–µ—è—Ç–µ–ª—å–Ω–æ—Å—Ç—å —ç—Ç–æ–π —Å—Ç—Ä—É–∫—Ç—É—Ä—ã, –†–æ—Å—Å–∏—è —Å–º–æ–∂–µ—Ç –ø–æ–¥–≥–æ—Ç–æ–≤–∏—Ç—å –ø—Ä–∞–≤–æ–≤—É—é –±–∞–∑—É –¥–ª—è –±—É–¥—É—â–µ–≥–æ –ø—Ä–æ—Ü–µ—Å—Å–∞. –Æ—Ä–∏–¥–∏—á–µ—Å–∫–æ–π –æ—Å–Ω–æ–≤–æ–π –¥–ª—è –Ω–µ–≥–æ —Å—Ç–∞–Ω–µ—Ç –Ω–µ –ö–æ–Ω–≤–µ–Ω—Ü–∏—è –û–û–ù, –∞ —É—Å—Ç–∞–≤ –º–µ–∂–¥—É–Ω–∞—Ä–æ–¥–Ω–æ–≥–æ —Ç—Ä–∏–±—É–Ω–∞–ª–∞, —Ü–µ–ª—å—é –∫–æ—Ç–æ—Ä–æ–≥–æ —Å—Ç–∞–Ω–µ—Ç –æ—Å—É–∂–¥–µ–Ω–∏–µ –±–∏–æ—Ç–µ—Ä—Ä–æ—Ä–∏–∑–º–∞ —Å–æ —Å—Ç–æ—Ä–æ–Ω—ã –°–®–ê. –ò –µ—Å–ª–∏ –∫—Ç–æ-—Ç–æ –Ω–∞ –ó–∞–ø–∞–¥–µ –Ω–∞–¥–µ–µ—Ç—Å—è, —á—Ç–æ —É –†–æ—Å—Å–∏–∏ –Ω–µ—Ç –ª–µ–≥–∏—Ç–∏–º–Ω–æ–≥–æ –æ—Å–Ω–æ–≤–∞–Ω–∏—è –¥–ª—è –ø—Ä–æ–≤–µ–¥–µ–Ω–∏—è —ç—Ç–æ–≥–æ —Ç—Ä–∏–±—É–Ω–∞–ª–∞, —Ç–æ –∏—Ö –∂–¥–µ—Ç —Å–∏–ª—å–Ω–æ–µ —Ä–∞–∑–æ—á–∞—Ä–æ–≤–∞–Ω–∏–µ.

–Æ—Ä–∏–π –ì–æ—Ä–æ–¥–Ω–µ–Ω–∫–æ, –†–µ–ΩTV
–°—Å—ã–ª–∫–∞ –Ω–∞ –ø–µ—Ä–≤–æ–∏—Å—Ç–æ—á–Ω–∏–∫",1,1,0,53.0
215,2022-08-11 13:12:36,11045,-78535365,-78535365,"–ù–æ–≤—ã–π –ø–æ–¥–≤–∏–¥ ¬´–æ–º–∏–∫—Ä–æ–Ω–∞¬ª ¬´–Ω–∏–Ω–¥–∑—è¬ª –ø—Ä–∏–¥–µ—Ç –≤ –ö–∞—Ä–µ–ª–∏—é. 

–ú–∏—Ö–∞–∏–ª –û—Ö–ª–æ–ø–∫–æ–≤ –æ—Ç–º–µ—Ç–∏–ª, —á—Ç–æ –∫–æ—Ä–æ–Ω–∞–≤–∏—Ä—É—Å –Ω–∏–∫—É–¥–∞ –Ω–µ —É–π–¥–µ—Ç.

–û–¥–∏–Ω –∏–∑ –ø–æ–¥–≤–∏–¥–æ–≤ ¬´–æ–º–∏–∫—Ä–æ–Ω–∞¬ª –ø–æ–¥ –Ω–∞–∑–≤–∞–Ω–∏–µ–º ¬´–Ω–∏–Ω–¥–∑—è¬ª —É–∂–µ —Ä–∞—Å–ø—Ä–æ—Å—Ç—Ä–∞–Ω–∏–ª—Å—è –≤ –ï–≤—Ä–æ–ø–µ –∏ –Ω–∞ –ê–º–µ—Ä–∏–∫–∞–Ω—Å–∫–æ–º –∫–æ–Ω—Ç–∏–Ω–µ–Ω—Ç–µ. –ß–µ—Ä–µ–∑ –¥–≤–µ-—Ç—Ä–∏ –Ω–µ–¥–µ–ª–∏ –æ–Ω –º–æ–∂–µ—Ç –ø–æ—è–≤–∏—Ç—å—Å—è –≤ –†–æ—Å—Å–∏–∏. –û–± —ç—Ç–æ–º —Å–æ–æ–±—â–∏–ª –Ω–∞ —Å–≤–æ–µ–π –ª–∏—á–Ω–æ–π —Å—Ç—Ä–∞–Ω–∏—Ü–µ –≤ —Å–æ—Ü—Å–µ—Ç–∏ –≥–ª–∞–≤–∞ —Ä–µ–≥–∏–æ–Ω–∞–ª—å–Ω–æ–≥–æ –ú–∏–Ω–∑–¥—Ä–∞–≤–∞ –ú–∏—Ö–∞–∏–ª –û—Ö–ª–æ–ø–∫–æ–≤.

–†—É–∫–æ–≤–æ–¥–∏—Ç–µ–ª—å –≤–µ–¥–æ—Å—Ç–≤–∞ –Ω–µ –∏—Å–∫–ª—é—á–∞–µ—Ç, —á—Ç–æ ¬´–Ω–∏–Ω–¥–∑—è¬ª –º–æ–∂–µ—Ç –¥–æ–±—Ä–∞—Ç—å—Å—è –∏ –¥–æ –ö–∞—Ä–µ–ª–∏–∏.

¬´–ù–æ–≤—ã–π –ø–æ–¥–≤–∏–¥ ¬´–æ–º–∏–∫—Ä–æ–Ω–∞¬ª –∫–æ–≤–∞—Ä–µ–Ω –∏ –æ–ø–∞—Å–µ–Ω‚Ä¶ –í.–ê.5 –±—ã—Å—Ç—Ä–µ–µ —Ä–∞–∑–º–Ω–æ–∂–∞–µ—Ç—Å—è –∏ –ª—É—á—à–µ —É—Ö–æ–¥–∏—Ç –æ—Ç –∞–Ω—Ç–∏—Ç–µ–ª, —á–µ–º –¥—Ä—É–≥–∏–µ –ø–æ–¥–≤–∏–¥—ã –û–º–∏–∫—Ä–æ–Ω–∞¬ª–æ–º–∏–∫—Ä–æ–Ω–∞¬ª. –ö–æ–≤–∞—Ä—Å—Ç–≤–æ ¬´–Ω–∏–Ω–¥–∑—è¬ª –≤ —Ç–æ–º, —á—Ç–æ –æ–Ω —Å–∫–ª–æ–Ω–µ–Ω –≤—ã–∑—ã–≤–∞—Ç—å —Ä–µ–∏–Ω—Ñ–µ–∫—Ü–∏–∏: –∏–Ω—Ñ–∏—Ü–∏—Ä–æ–≤–∞—Ç—å –ø–µ—Ä–µ–±–æ–ª–µ–≤—à–∏—Ö –ø–µ—Ä–≤—ã–º –∏ –≤—Ç–æ—Ä—ã–º –≤–∞—Ä–∏–∞–Ω—Ç–∞–º–∏ ¬´–æ–º–∏–∫—Ä–æ–Ω–∞¬ª¬ª, ‚Äî –Ω–∞–ø–∏—Å–∞–ª –ú–∏—Ö–∞–∏–ª –û—Ö–ª–æ–ø–∫–æ–≤.

–ù–∞–ø–æ–º–Ω–∏–º, —á—Ç–æ –∑–∞ –Ω–µ–¥–µ–ª—é –≤ –†–æ—Å—Å–∏–∏ COVID-19 —Å —Ä–∞–∑–ª–∏—á–Ω—ã–º–∏ –≤–∞—Ä–∏–∞–Ω—Ç–∞–º–∏ ¬´–æ–º–∏–∫—Ä–æ–Ω–∞¬ª –≤—ã—è–≤–∏–ª–∏ —É –±–æ–ª–µ–µ —á–µ–º —Å—Ç–∞ —Ç—ã—Å—è—á —á–µ–ª–æ–≤–µ–∫. –í —Å–≤–æ—é –æ—á–µ—Ä–µ–¥—å –†–æ—Å–ø–æ—Ä—Ç—Ä–µ–±–Ω–∞–¥–∑–æ—Ä —Ä–µ–∫–æ–º–µ–Ω–¥—É–µ—Ç –ª—é–¥—è–º —Å –æ—Å–ª–∞–±–ª–µ–Ω–Ω—ã–º –∏–º–º—É–Ω–∏—Ç–µ—Ç–æ–º –∏ —Ö—Ä–æ–Ω–∏—á–µ—Å–∫–∏–º–∏ –∑–∞–±–æ–ª–µ–≤–∞–Ω–∏—è–º–∏ —Å–Ω–æ–≤–∞ –Ω–∞–¥–µ—Ç—å –º–∞—Å–∫–∏.

–ú–∏—Ö–∞–∏–ª –û—Ö–ª–æ–ø–∫–æ–≤ –æ—Ç–º–µ—Ç–∏–ª, —á—Ç–æ –∫–æ—Ä–æ–Ω–∞–≤–∏—Ä—É—Å –Ω–∏–∫—É–¥–∞ –Ω–µ —É–π–¥–µ—Ç, –∞ –ª—é–¥–∏, –ø–µ—Ä–µ–±–æ–ª–µ–≤—à–∏–µ –∫–æ—Ä–æ–Ω–∞–≤–∏—Ä—É—Å–æ–º, –Ω–µ—Ä–µ–¥–∫–æ —á—É–≤—Å—Ç–≤—É—é—Ç —Å–µ–±—è –ø–ª–æ—Ö–æ –µ—â–µ –¥–æ–ª–≥–æ–µ –≤—Ä–µ–º—è –∏–∑-–∑–∞ —Ä–∞–∑–ª–∏—á–Ω—ã—Ö –æ—Å–ª–æ–∂–Ω–µ–Ω–∏–π –æ—Ç –ø–µ—Ä–µ–Ω–µ—Å–µ–Ω–Ω–æ–≥–æ –∑–∞–±–æ–ª–µ–≤–∞–Ω–∏—è. –í—ã—Ö–æ–¥ –∏–∑ —Å–∏—Ç—É–∞—Ü–∏–∏ –æ–¥–∏–Ω ‚Äî –≤–∞–∫—Ü–∏–Ω–∞—Ü–∏—è –∏ —Ä–µ–≤–∞–∫—Ü–∏–Ω–∞—Ü–∏—è.

–ù–∞–ø–æ–º–Ω–∏–º, —á—Ç–æ –±–æ–ª–µ–µ –∑–∞—Ä–∞–∑–Ω—ã–π –≤–∞—Ä–∏–∞–Ω—Ç —à—Ç–∞–º–º–∞ ¬´–æ–º–∏–∫—Ä–æ–Ω¬ª –æ–±–Ω–∞—Ä—É–∂–∏–ª–∏ –≤ —Å—Ç–æ–ª–∏—Ü–µ –ò–Ω–¥–∏–∏. –ü–æ–¥–≤–∏–¥ BA-2.75 –≥–æ—Ä–∞–∑–¥–æ –ª—É—á—à–µ –ø–µ—Ä–µ–¥–∞–µ—Ç—Å—è –∫ –Ω–æ–≤—ã–º –Ω–æ—Å–∏—Ç–µ–ª—è–º, –≤ —Ç–æ–º —á–∏—Å–ª–µ –∏ –∫ —Ç–µ–º, —É –∫–æ–≥–æ —É–∂–µ –≤—ã—Ä–∞–±–æ—Ç–∞–Ω—ã –∞–Ω—Ç–∏—Ç–µ–ª–∞.",11,11,31,4203.0
220,2022-08-11 13:12:00,8052,-193503525,-193503525,‚ö°74 —Å–ª—É—á–∞—è COVID-19 –ø–æ–¥—Ç–≤–µ—Ä–¥–∏–ª–æ—Å—å –≤ –ü–µ–Ω–∑–µ–Ω—Å–∫–æ–π –æ–±–ª–∞—Å—Ç–∏ –∑–∞ —Å—É—Ç–∫–∏,1,0,0,643.0
221,2022-08-11 13:11:56,33969,-196936695,-196936695,"–í –ú–∏–Ω—É—Å–∏–Ω—Å–∫–µ –æ—Ç–∫—Ä—ã–ª–∞—Å—å –ü–¶–†-–ª–∞–±–æ—Ä–∞—Ç–æ—Ä–∏—è. 

–î–∏–∞–≥–Ω–æ—Å—Ç–∏–∫–∞ —Ç–µ–ø–µ—Ä—å –ø—Ä–æ–≤–æ–¥–∏—Ç—Å—è –≤ –º–µ–∂—Ä–∞–π–æ–Ω–Ω–æ–π –±–æ–ª—å–Ω–∏—Ü–µ –∏ —Ä–µ–∑—É–ª—å—Ç–∞—Ç—ã —Å—Ç–∞–Ω–æ–≤—è—Ç—Å—è –∏–∑–≤–µ—Å—Ç–Ω—ã –≤ —Ç–µ—á–µ–Ω–∏–µ –¥–Ω—è. –ó–¥–µ—Å—å –º–æ–∂–Ω–æ –ø—Ä–æ–≤–æ–¥–∏—Ç—å –æ–∫–æ–ª–æ 350 –∏—Å—Å–ª–µ–¥–æ–≤–∞–Ω–∏–π –Ω–∞ COVID-19 –∫–∞–∂–¥—ã–π –¥–µ–Ω—å, –∞ —Ç–∞–∫–∂–µ –≤–æ–∑–º–æ–∂–Ω—ã –∞–Ω–∞–ª–∏–∑—ã –Ω–∞ –í–ò–ß, —Å–∞–ª—å–º–æ–Ω–µ–ª–ª—ë–∑, –≥–µ–ø–∞—Ç–∏—Ç –∏ –¥—Ä—É–≥–∏–µ.

–ï—â—ë –¥–≤–∞ –≥–æ–¥–∞ –Ω–∞–∑–∞–¥ –≤ –∫—Ä–∞–µ –±—ã–ª–æ –≤—Å–µ–≥–æ –æ–¥–Ω–æ —Ç–∞–∫–æ–µ —É—á—Ä–µ–∂–¥–µ–Ω–∏–µ. –ì—É–±–µ—Ä–Ω–∞—Ç–æ—Ä –ø–æ—Å—Ç–∞–≤–∏–ª –∑–∞–¥–∞—á—É —Å–æ–∑–¥–∞—Ç—å —Å–µ—Ç—å –ª–∞–±–æ—Ä–∞—Ç–æ—Ä–∏–π, –∏ —Å–µ–≥–æ–¥–Ω—è –∑–∞—Ä–∞–±–æ—Ç–∞–ª–∞ —É–∂–µ 19-—è. 

–û–±—â–∏–π –æ–±—ä–µ–º —Ñ–∏–Ω–∞–Ω—Å–∏—Ä–æ–≤–∞–Ω–∏—è —Å–æ—Å—Ç–∞–≤–ª—è–µ—Ç –ø–æ—á—Ç–∏ 35 –º–ª–Ω —Ä—É–±–ª–µ–π. –ò–∑ –Ω–∏—Ö –±–ª–∞–≥–æ—Ç–≤–æ—Ä–∏—Ç–µ–ª—å–Ω—ã–º —Ñ–æ–Ω–¥–æ–º –∏–º–µ–Ω–∏ –•–∞–∑—Ä–µ—Ç–∞ –°–æ–≤–º–µ–Ω–∞ –≤—ã–¥–µ–ª–µ–Ω–æ 26 –º–ª–Ω. —Ä—É–±–ª–µ–π.

#–ö—Ä–∞—Å–Ω–æ—è—Ä—Å–∫–∏–π–ö—Ä–∞–π #–ú–∏–Ω—É—Å–∏–Ω—Å–∫",2,24,4,54015.0
229,2022-08-11 13:10:08,120505,-35963721,-35963721,"–í –ü–æ–¥–º–æ—Å–∫–æ–≤—å–µ –ø—Ä–æ–¥–æ–ª–∂–∞—é—Ç –≤—ã—è–≤–ª—è—Ç—å –Ω–æ–≤—ã–µ —Å–ª—É—á–∞–∏ –∫–æ—Ä–æ–Ω–∞–≤–∏—Ä—É—Å–∞.

¬´–ï—Å–ª–∏ –∑–∞ –≤—Ç–æ—Ä–æ–µ –∞–≤–≥—É—Å—Ç–∞ –±—ã–ª–æ –∑–∞—Ñ–∏–∫—Å–∏—Ä–æ–≤–∞–Ω–æ 300 –∑–∞–±–æ–ª–µ–≤—à–∏—Ö COVID-19 –≤ —Ä–µ–≥–∏–æ–Ω–µ, —Ç–æ –∫ –∫–æ–Ω—Ü—É –Ω–µ–¥–µ–ª–∏ –∏—Ö –Ω–∞—Å—á–∏—Ç—ã–≤–∞–ª–æ—Å—å –æ–∫–æ–ª–æ 2000. –°–∏—Ç—É–∞—Ü–∏—è —Å –∫–æ–≤–∏–¥–æ–º —Ä–µ–∑–∫–æ —É—Ö—É–¥—à–∞–µ—Ç—Å—è –∏ –ø–æ –ú–æ—Å–∫–æ–≤—Å–∫–æ–π –æ–±–ª–∞—Å—Ç–∏, –∏ –ø–æ —Å—Ç—Ä–∞–Ω–µ –≤ —Ü–µ–ª–æ–º¬ª, ‚Äî –æ—Ç–º–µ—Ç–∏–ª–∞ –≥–ª–∞–≤–Ω—ã–π —Å–∞–Ω–∏—Ç–∞—Ä–Ω—ã–π –≤—Ä–∞—á –≠–ª–µ–∫—Ç—Ä–æ—Å—Ç–∞–ª–∏ –ï–ª–µ–Ω–∞ –õ–µ—Ç–µ–Ω–∫–æ–≤–∞.

–≠–∫—Å–ø–µ—Ä—Ç—ã –ø—Ä–æ—Ä–æ—á–∞—Ç –æ—Å–µ–Ω–Ω–∏–π –≤–∏—Ä—É—Å–Ω—ã–π –≤—Å–ø–ª–µ—Å–∫ –∏ —Ä–µ–∫–æ–º–µ–Ω–¥—É—é—Ç –Ω–µ¬†–∑–∞–±—ã–≤–∞—Ç—å –æ¬†–ø—Ä–æ—Å—Ç—ã—Ö –º–µ—Ä–∞—Ö –±–µ–∑–æ–ø–∞—Å–Ω–æ—Å—Ç–∏, –∫–æ—Ç–æ—Ä—ã–µ –º–æ–≥—É—Ç —Å–Ω–∏–∑–∏—Ç—å –≤–µ—Ä–æ—è—Ç–Ω–æ—Å—Ç—å –∑–∞—Ä–∞–∑–∏—Ç—å—Å—è –∫–æ—Ä–æ–Ω–∞–≤–∏—Ä—É—Å–æ–º –∏ –¥—Ä—É–≥–∏–º–∏ —Ä–µ—Å–ø–∏—Ä–∞—Ç–æ—Ä–Ω—ã–º–∏ –∑–∞–±–æ–ª–µ–≤–∞–Ω–∏—è–º–∏.

 https://electrostal.com/?news=7561

#–≠–ª–µ–∫—Ç—Ä–æ—Å—Ç–∞–ª—å #Covid19",8,6,1,1113.0
244,2022-08-11 13:07:55,1752897,-24894771,-24894771,–ö–∏–º –ß–µ–Ω –´–Ω –∑–∞—Ä–∞–∑–∏–ª—Å—è –≤–∏—Ä—É—Å–æ–º –≤–æ –≤—Ä–µ–º—è –ø–∞–Ω–¥–µ–º–∏–∏ COVID-19.,6,5,0,4691.0
261,2022-08-11 13:05:39,29083,-73511558,-73511558,"–£—á–µ–Ω—ã–µ –æ–±–Ω–∞—Ä—É–∂–∏–ª–∏ –≤ –†–æ—Å—Å–∏–∏ –Ω–æ–≤—ã–π —à—Ç–∞–º–º COVID-19 ¬´—Ä—É—Å—Å–∫–∏–π –¥–µ–ª—å—Ç–∞–∫—Ä–æ–Ω¬ª

–†–æ—Å—Å–∏—è –æ–±–∑–∞–≤–µ–ª–∞—Å—å ¬´—Å–≤–æ–∏–º¬ª –≤–∞—Ä–∏–∞–Ω—Ç–æ–º –∫–æ–≤–∏–¥–∞. –£—á–µ–Ω—ã–µ –æ–±–Ω–∞—Ä—É–∂–∏–ª–∏ –≤ –†–§ –Ω–æ–≤—ã–π —à—Ç–∞–º–º –∫–æ—Ä–æ–Ω–∞–≤–∏—Ä—É—Å–∞, –∫–æ—Ç–æ—Ä—ã–π –ø—Ä–µ–¥—Å—Ç–∞–≤–ª—è–µ—Ç —Å–æ–±–æ–π –≥–∏–±—Ä–∏–¥ –≤–∞—Ä–∏–∞–Ω—Ç–æ–≤ ¬´–æ–º–∏–∫—Ä–æ–Ω¬ª –∏ ¬´–¥–µ–ª—å—Ç–∞¬ª. –û–ø–∞—Å–Ω–æ—Å—Ç—å ¬´—Ä–æ—Å—Å–∏–π—Å–∫–æ–≥–æ –¥–µ–ª—å—Ç–∞–∫—Ä–æ–Ω–∞¬ª –µ—â–µ –ø—Ä–µ–¥—Å—Ç–æ–∏—Ç –∏–∑—É—á–∏—Ç—å. –û–± —ç—Ç–æ–º —Å–æ–æ–±—â–∏–ª —É—á–µ–Ω—ã–π-–≥–µ–Ω–µ—Ç–∏–∫ –∏–∑ –°–®–ê –î–º–∏—Ç—Ä–∏–π –ü—Ä—É—Å—Å.

–û–Ω –æ—Ç–º–µ—Ç–∏–ª, —á—Ç–æ –≤–∏—Ä—É—Å—ã, –∫–æ—Ç–æ—Ä—ã–µ —Å–æ—á–µ—Ç–∞—é—Ç –≤ —Å–µ–±–µ —Ñ—Ä–∞–≥–º–µ–Ω—Ç—ã –≥–µ–Ω–æ–º–æ–≤ ¬´–æ–º–∏–∫—Ä–æ–Ω–∞¬ª –∏ ¬´–¥–µ–ª—å—Ç—ã¬ª, —è–≤–ª—è—é—Ç—Å—è –±–æ–ª—å—à–æ–π —Ä–µ–¥–∫–æ—Å—Ç—å—é, –ø–æ—Ç–æ–º—É —á—Ç–æ —à—Ç–∞–º–º ¬´–¥–µ–ª—å—Ç–∞¬ª –ø–æ—á—Ç–∏ –∏—Å—á–µ–∑. –ü—Ä–∏–º–µ—á–∞—Ç–µ–ª—å–Ω–æ, —á—Ç–æ —ç—Ç–æ—Ç –≤–∏–¥ –∫–æ—Ä–æ–Ω–∞–≤–∏—Ä—É—Å–∞ –Ω–µ –≤—ã—è–≤–ª–µ–Ω –Ω–∏ –≤ –∫–∞–∫–æ–π-–ª–∏–±–æ –¥—Ä—É–≥–æ–π —Å—Ç—Ä–∞–Ω–µ. –í–µ—Ä–æ—è—Ç–Ω–µ–µ –≤—Å–µ–≥–æ, –µ–≥–æ —Ä–æ–¥–∏–Ω–∞ ‚Äî –†–æ—Å—Å–∏—è, —Å–∫–∞–∑–∞–ª –ü—Ä—É—Å—Å.",22,8,3,797.0
265,2022-08-11 13:04:00,2270,-210818459,-210818459,"ü§£""–†–µ—à–∏–ª–∏ –ø–µ—Ä–µ–æ–±—É—Ç—å—Å—è"" –∏–ª–∏ –∑–∞–ø—É—Ç–∞–ª–∏—Å—å –≤ –ø–æ–∫–∞–∑–∞–Ω–∏—è—Ö? 

–ö–∏—Ä–∏–µ–Ω–∫–æ –∑–∞–≥–æ–≤–æ—Ä–∏–ª, —á—Ç–æ –ö–æ–≤–∏–¥ - —Å–µ–∑–æ–Ω–Ω–æ–µ –∑–∞–±–æ–ª–µ–≤–∞–Ω–∏–µ –∏ –Ω–µ –ø—Ä–µ–¥—Å—Ç–∞–≤–ª—è–µ—Ç –æ–ø–∞—Å–Ω–æ—Å—Ç–∏. 

–ù–∞ –¥–Ω—è—Ö, –ø–æ–¥–æ–±–Ω—ã–µ —Å–ª–æ–≤–∞ –≥–æ–≤–æ—Ä–∏–ª –ú–µ–¥–∏–∞–í—Ä–∞—á –ú—è—Å–Ω–∏–∫–æ–≤. –≠—Ç–æ —Ç–æ—Ç, –∫–æ—Ç–æ—Ä—ã–π –ø–∏–∞—Ä–∏–ª —É–∫–æ–ª—ã —Å –§–µ–¥–µ—Ä–∞–ª—å–Ω—ã—Ö –∫–∞–Ω–∞–ª–æ–≤, –∞ –ø–æ—Ç–æ–º –≥–æ–≤–æ—Ä–∏–ª –æ –±–µ—Å–ø–æ–ª–µ–∑–Ω–æ—Å—Ç–∏ –ø—Ä–∏–≤–∏–≤–æ–∫. 

–ü–æ–∫–∞ –Ω–∞ ""–∞—Ä–µ–Ω—É –≤—ã–ø—É—Å—Ç–∏–ª–∏"" –û–Ω–∏—â–µ–Ω–∫–æ, –∫–æ—Ç–æ—Ä—ã–π —á—Ç–æ-—Ç–æ –≥–æ–≤–æ—Ä–∏—Ç, –ø—Ä–∞–≤–¥–∞ –Ω–µ—É–±–µ–¥–∏—Ç–µ–ª—å–Ω–æ. 

–°–ø–∞—Å–∏–±–æ –∑–∞ —ç—Ç–æ—Ç —Ü–∏—Ä–∫. –ú—ã –≤—Å–µ –ø–æ–Ω—è–ª–∏. ü§£

t.me/tania_ter/12444",4,72,20,1021.0
269,2022-08-11 13:03:00,199684,-183355870,-183355870,"‚úÖ–ó–∞–±–æ–ª–µ–≤–∞–µ–º–æ—Å—Ç—å COVID-19 –≤ –ö—É–∑–±–∞—Å—Å–µ –ø—Ä–æ–¥–æ–ª–∂–∏–ª–∞ —Å—Ç—Ä–µ–º–∏—Ç–µ–ª—å–Ω–æ —Ä–∞—Å—Ç–∏ 

–ú–µ–¥–∏–∫–∏ —Ä–∞—Å—Å–∫–∞–∑–∞–ª–∏, —Å–∫–æ–ª—å–∫–æ —Å–ª—É—á–∞–µ–≤ –∑–∞—Ä–∞–∂–µ–Ω–∏—è –∫–æ—Ä–æ–Ω–∞–≤–∏—Ä—É—Å–Ω–æ–π –∏–Ω—Ñ–µ–∫—Ü–∏–µ–π –±—ã–ª–æ –∑–∞—Ä–µ–≥–∏—Å—Ç—Ä–∏—Ä–æ–≤–∞–Ω–æ –∑–∞ —Å—É—Ç–∫–∏ –≤ –ö—É–∑–±–∞—Å—Å–µ. –í —ç—Ç–æ—Ç —Ä–∞–∑ —á–∏—Å–ª–æ –æ–∫–∞–∑–∞–ª–æ—Å—å –±–æ–ª—å—à–µ 200. 

–°–æ–≥–ª–∞—Å–Ω–æ –¥–∞–Ω–Ω—ã–º –ú–∏–Ω–∑–¥—Ä–∞–≤–∞ –Ω–∞ —Å—Ä–µ–¥—É, 10 –∞–≤–≥—É—Å—Ç–∞, –¥–∏–∞–≥–Ω–æ–∑ ""–Ω–æ–≤–∞—è –∫–æ—Ä–æ–Ω–∞–≤–∏—Ä—É—Å–Ω–∞—è –∏–Ω—Ñ–µ–∫—Ü–∏—è"" –ø–æ–¥—Ç–≤–µ—Ä–¥–∏–ª—Å—è —É 203 –∂–∏—Ç–µ–ª–µ–π –ö–µ–º–µ—Ä–æ–≤—Å–∫–æ–π –æ–±–ª–∞—Å—Ç–∏. –ü—Ä–∏ —ç—Ç–æ–º –≤—ã–ø–∏—Å–∞–Ω–æ –∑–∞ —Å—É—Ç–∫–∏ –≤ –¥–≤–∞ —Ä–∞–∑–∞ –º–µ–Ω—å—à–µ —á–µ–ª–æ–≤–µ–∫ ‚Äì 100. 
 
–ü—Ä–æ–¥–æ–ª–∂–∞—é—Ç –ø–æ–ª—É—á–∞—Ç—å –ª–µ—á–µ–Ω–∏–µ 1 845 –ø–∞—Ü–∏–µ–Ω—Ç–æ–≤. –¢–∞–∫–∂–µ —Å—Ç–∞–ª–æ –∏–∑–≤–µ—Å—Ç–Ω–æ –æ —Å–º–µ—Ä—Ç–∏ –µ—â–µ –Ω–µ—Å–∫–æ–ª—å–∫–∏—Ö –∫—É–∑–±–∞—Å—Å–æ–≤—Ü–µ–≤ —Å –∫–æ—Ä–æ–Ω–∞–≤–∏—Ä—É—Å–æ–º.",1,15,5,5617.0
277,2022-08-11 13:01:12,208562,-98267535,-98267535,"–í –°–µ–≤–∞—Å—Ç–æ–ø–æ–ª–µ 63 –Ω–æ–≤—ã—Ö –±–æ–ª—å–Ω—ã—Ö –∫–æ—Ä–æ–Ω–∞–≤–∏—Ä—É—Å–æ–º –∑–∞ —Å—É—Ç–∫–∏

–ü–æ —Å–æ—Å—Ç–æ—è–Ω–∏—é –Ω–∞ —É—Ç—Ä–æ 11 –∞–≤–≥—É—Å—Ç–∞ –≤ –≥–æ—Ä–æ–¥–µ –∑–∞—Ä–µ–≥–∏—Å—Ç—Ä–∏—Ä–æ–≤–∞–Ω—ã 63 –Ω–æ–≤—ã—Ö —Å–ª—É—á–∞–µ–≤ –∑–∞–±–æ–ª–µ–≤–∞–Ω–∏—è. –í –∫–æ–≤–∏–¥–Ω—ã–µ —Å—Ç–∞—Ü–∏–æ–Ω–∞—Ä—ã –≥–æ—Å–ø–∏—Ç–∞–ª–∏–∑–∏—Ä–æ–≤–∞–Ω—ã —Å–µ–º—å –±–æ–ª—å–Ω—ã—Ö, –≤—ã–ø–∏—Å–∞–Ω—ã 19 –ø–∞—Ü–∏–µ–Ω—Ç–æ–≤. –°–º–µ—Ä—Ç–µ–π –æ—Ç COVID-19 ...",9,1,0,926.0
279,2022-08-11 13:00:13,5568,85310799,85310799,"–£—Ä–∞! –ù–∞–∫–æ–Ω–µ—Ü-—Ç–æ! 
‚ùó–°–µ–Ω—Å–∞—Ü–∏–æ–Ω–Ω—ã–π —Ñ–∞–∫—Ç: —Å 1 –º–∞—Ä—Ç–∞ 2022 –≥–æ–≥–¥–∞ –ú–∏–Ω–∑–¥—Ä–∞–≤ —Ä—Ñ –∏—Å–∫–ª—é—á–∏–ª –Ω–æ–≤—É—é –∫–æ—Ä–æ–Ω–∞–≤–∏—Ä—É—Å–Ω—É—é –∏–Ω—Ñ–µ–∫—Ü–∏—é COVID-19 –∏–∑ —Å–≤–æ–µ–≥–æ –Ω–æ—Ä–º–∞—Ç–∏–≤–Ω–æ–≥–æ –ü–µ—Ä–µ—á–Ω—è –∏–Ω—Ñ–µ–∫—Ü–∏–æ–Ω–Ω—ã—Ö –∑–∞–±–æ–ª–µ–≤–∞–Ω–∏–π , –ø—Ä–µ–¥—Å—Ç–∞–≤–ª—è—é—â–∏—Ö –æ–ø–∞—Å–Ω–æ—Å—Ç—å –¥–ª—è –æ–∫—Ä—É–∂–∞—é—â–∏—Ö! 

–ù–æ–≤–∞—è –∫–æ—Ä–æ–Ω–∞–≤–∏—Ä—É—Å–Ω–∞—è –∏–Ω—Ñ–µ–∫—Ü–∏—è COVID-19 –∏—Å–∫–ª—é—á–µ–Ω–∞ –∏–∑ ¬´–ü–µ—Ä–µ—á–Ω—è –∏–Ω—Ñ–µ–∫—Ü–∏–æ–Ω–Ω—ã—Ö –∑–∞–±–æ–ª–µ–≤–∞–Ω–∏–π, –ø—Ä–µ–¥—Å—Ç–∞–≤–ª—è—é—â–∏—Ö –æ–ø–∞—Å–Ω–æ—Å—Ç—å –¥–ª—è –æ–∫—Ä—É–∂–∞—é—â–∏—Ö¬ª –≤ —Å–æ–æ—Ç–≤–µ—Ç—Å—Ç–≤–∏–∏ —Å –ø.2 –ü—Ä–∏–ª–æ–∂–µ–Ω–∏—è –∫ –ü—Ä–∏–∫–∞–∑—É –ú–∏–Ω–∑–¥—Ä–∞–≤–∞ –†–æ—Å—Å–∏–∏ –æ—Ç 21.02.2022 –≥ ‚Ññ 94–Ω ¬´ –û –≤–Ω–µ—Å–µ–Ω–∏–∏ –∏–∑–º–µ–Ω–µ–Ω–∏–π –≤ –ü–æ—Ä—è–¥–æ–∫ –ø—Ä–æ–≤–µ–¥–µ–Ω–∏—è –º–µ–¥–∏—Ü–∏–Ω—Å–∫–æ–≥–æ –æ—Å–≤–∏–¥–µ—Ç–µ–ª—å—Å—å–≤–æ–≤–∞–Ω–∏—è.. –Ω–∞–ª–∏—á–∏–µ –∏–ª–∏ –æ—Ç—Å—É—Ç—Å—Ç–≤–∏–µ ‚Ä¶–∏–Ω—Ñ–µ–∫—Ü–∏–æ–Ω–Ω—ã—Ö –∑–∞–±–æ–ª–µ–≤–∞–Ω–∏–π , –ø—Ä–µ–¥—Å—Ç–∞–≤–ª—è—é—â–∏—Ö –æ–ø–∞—Å–Ω–æ—Å—Ç—å –¥–ª—è –æ–∫—Ä—É–∂–∞—é—â–∏—Ö ‚Ä¶¬ª 
–ü–µ—Ä–µ—á–µ–Ω—å –∏–Ω—Ñ–µ–∫—Ü–∏–æ–Ω–Ω—ã—Ö –∑–∞–±–æ–ª–µ–≤–∞–Ω–∏–π, –ø—Ä–µ–¥—Å—Ç–∞–≤–ª—è—é—â–∏—Ö –æ–ø–∞—Å–Ω–æ—Å—Ç—å –¥–ª—è –æ–∫—Ä—É–∂–∞—é—â–∏—Ö 
(—Å –∏–∑–º–µ–Ω–µ–Ω–∏—è–º–∏ –Ω–∞ 21 —Ñ–µ–≤—Ä–∞–ª—è 2022 –≥–æ–¥–∞) 
 
N –ø/–ø –ö–æ–¥ –∑–∞–±–æ–ª–µ–≤–∞–Ω–∏—è 
–ø–æ –ú–ö–ë-10 
–ù–∞–∏–º–µ–Ω–æ–≤–∞–Ω–∏–µ –∑–∞–±–æ–ª–µ–≤–∞–Ω–∏—è 
1. A15-A19 —Ç—É–±–µ—Ä–∫—É–ª–µ–∑ 
2. A30 –ª–µ–ø—Ä–∞ (–±–æ–ª–µ–∑–Ω—å –ì–∞–Ω—Å–µ–Ω–∞) 
3. A50-A53 —Å–∏—Ñ–∏–ª–∏—Å 
4. B20-B24 –±–æ–ª–µ–∑–Ω—å, –≤—ã–∑–≤–∞–Ω–Ω–∞—è –≤–∏—Ä—É—Å–æ–º –∏–º–º—É–Ω–æ–¥–µ—Ñ–∏—Ü–∏—Ç–∞ —á–µ–ª–æ–≤–µ–∫–∞ (–í–ò–ß) 
 Z21 –±–µ—Å—Å–∏–º–ø—Ç–æ–º–Ω—ã–π –∏–Ω—Ñ–µ–∫—Ü–∏–æ–Ω–Ω—ã–π —Å—Ç–∞—Ç—É—Å, –≤—ã–∑–≤–∞–Ω–Ω—ã–π –≤–∏—Ä—É—Å–æ–º –∏–º–º—É–Ω–æ–¥–µ—Ñ–∏—Ü–∏—Ç–∞ —á–µ–ª–æ–≤–µ–∫–∞ (–í–ò–ß) 
5. –ü—É–Ω–∫—Ç —É—Ç—Ä–∞—Ç–∏–ª —Å–∏–ª—É —Å 1 –º–∞—Ä—Ç–∞ 2022 –≥–æ–¥–∞ - –ø—Ä–∏–∫–∞–∑ –ú–∏–Ω–∑–¥—Ä–∞–≤–∞ –†–æ—Å—Å–∏–∏ –æ—Ç 21 —Ñ–µ–≤—Ä–∞–ª—è 2022 –≥–æ–¥–∞ N 94–Ω, –¥–µ–π—Å—Ç–≤—É–µ—Ç –¥–æ 1 –º–∞—Ä—Ç–∞ 2028 –≥–æ–¥–∞. - –°–º. –ø—Ä–µ–¥—ã–¥—É—â—É—é —Ä–µ–¥–∞–∫—Ü–∏—é. 
____ 
 –ú–µ–∂–¥—É–Ω–∞—Ä–æ–¥–Ω–∞—è —Å—Ç–∞—Ç–∏—Å—Ç–∏—á–µ—Å–∫–∞—è –∫–ª–∞—Å—Å–∏—Ñ–∏–∫–∞—Ü–∏—è –±–æ–ª–µ–∑–Ω–µ–π –∏ –ø—Ä–æ–±–ª–µ–º, —Å–≤—è–∑–∞–Ω–Ω—ã—Ö —Å–æ –∑–¥–æ—Ä–æ–≤—å–µ–º, 10-–π –ø–µ—Ä–µ—Å–º–æ—Ç—Ä.
 –°—ã–ª–∫–∞: https://docs.cntd.ru/document/727231433 

–ü—Ä–µ–¥—ã–¥—É—â–∞—è —Ä–µ–¥–∞–∫—Ü–∏—è. 
–ü–µ—Ä–µ—á–µ–Ω—å –∏–Ω—Ñ–µ–∫—Ü–∏–æ–Ω–Ω—ã—Ö –∑–∞–±–æ–ª–µ–≤–∞–Ω–∏–π, –ø—Ä–µ–¥—Å—Ç–∞–≤–ª—è—é—â–∏—Ö –æ–ø–∞—Å–Ω–æ—Å—Ç—å –¥–ª—è –æ–∫—Ä—É–∂–∞—é—â–∏—Ö 
N –ø/–ø –ö–æ–¥ –∑–∞–±–æ–ª–µ–≤–∞–Ω–∏—è –ø–æ –ú–ö–ë-10 1 
–ù–∞–∏–º–µ–Ω–æ–≤–∞–Ω–∏–µ –∑–∞–±–æ–ª–µ–≤–∞–Ω–∏—è 
1. –ê15 - –ê19 
—Ç—É–±–µ—Ä–∫—É–ª–µ–∑ 
2. –ê30 
–ª–µ–ø—Ä–∞ (–±–æ–ª–µ–∑–Ω—å –ì–∞–Ω—Å–µ–Ω–∞) 
3. –ê50-–ê53 
—Å–∏—Ñ–∏–ª–∏—Å 
4. –í20 - –í24 
Z21 
–±–æ–ª–µ–∑–Ω—å, –≤—ã–∑–≤–∞–Ω–Ω–∞—è –≤–∏—Ä—É—Å–æ–º –∏–º–º—É–Ω–æ–¥–µ—Ñ–∏—Ü–∏—Ç–∞ —á–µ–ª–æ–≤–µ–∫–∞ (–í–ò–ß) 
–±–µ—Å—Å–∏–º–ø—Ç–æ–º–Ω—ã–π –∏–Ω—Ñ–µ–∫—Ü–∏–æ–Ω–Ω—ã–π —Å—Ç–∞—Ç—É—Å, –≤—ã–∑–≤–∞–Ω–Ω—ã–π –≤–∏—Ä—É—Å–æ–º –∏–º–º—É–Ω–æ–¥–µ—Ñ–∏—Ü–∏—Ç–∞ —á–µ–ª–æ–≤–µ–∫–∞ (–í–ò–ß) 
5. U07.1 
–Ω–æ–≤–∞—è –∫–æ—Ä–æ–Ω–∞–≤–∏—Ä—É—Å–Ω–∞—è –∏–Ω—Ñ–µ–∫—Ü–∏—è COVID-19 (–≤–∏—Ä—É—Å –∏–¥–µ–Ω—Ç–∏—Ñ–∏—Ü–∏—Ä–æ–≤–∞–Ω) 
‚îÄ‚îÄ‚îÄ‚îÄ‚îÄ‚îÄ‚îÄ‚îÄ‚îÄ‚îÄ‚îÄ‚îÄ‚îÄ‚îÄ‚îÄ‚îÄ‚îÄ‚îÄ‚îÄ‚îÄ‚îÄ‚îÄ‚îÄ‚îÄ‚îÄ‚îÄ‚îÄ‚îÄ‚îÄ‚îÄ 
1 –ú–µ–∂–¥—É–Ω–∞—Ä–æ–¥–Ω–∞—è —Å—Ç–∞—Ç–∏—Å—Ç–∏—á–µ—Å–∫–∞—è –∫–ª–∞—Å—Å–∏—Ñ–∏–∫–∞—Ü–∏—è –±–æ–ª–µ–∑–Ω–µ–π –∏ –ø—Ä–æ–±–ª–µ–º, —Å–≤—è–∑–∞–Ω–Ω—ã—Ö —Å–æ –∑–¥–æ—Ä–æ–≤—å–µ–º, 10-–π –ø–µ—Ä–µ—Å–º–æ—Ç—Ä. 
–°—Å—ã–ª–∫–∞: http://ivo.garant.ru/#/compare/403137303‚Ä¶ 

–ü—Ä–∏–∫–∞–∑ —É—Ç–≤–µ—Ä–∂–¥–µ–Ω –º–∏–Ω–∏—Å—Ç—Ä–æ–º –ú.–ê.–ú—É—Ä–∞—à–∫–æ. –ó–∞—Ä–µ–≥–∏—Å—Ç—Ä–∏—Ä–æ–≤–∞–Ω –≤ –ú–∏–Ω—é—Å—Ç–µ –†–æ—Å—Å–∏–∏ 22 —Ñ–µ–≤—Ä–∞–ª—è 2022 –≥. N 67408. –î–µ–π—Å—Ç–≤—É–µ—Ç –ø–æ 2028 –≥–æ–¥. 

–¢–∞–∫–∏–º –æ–±—Ä–∞–∑–æ–º, —Å 1 –º–∞—Ä—Ç–∞ 2022 –≥–æ–¥–∞ –≤—Å–µ —Ä–∞–Ω–µ–µ –∏–∑–¥–∞–Ω–Ω—ã–µ –Ω–æ—Ä–º–∞—Ç–∏–≤–Ω—ã–µ –∏ –Ω–æ—Ä–º–∞—Ç–∏–≤–Ω–æ-–ø—Ä–∞–≤–æ–≤—ã–µ –∞–∫—Ç—ã —Ä—Ñ –∏ —Å—É–±—å–µ–∫—Ç–æ–≤ —Ñ–µ–¥–µ—Ä–∞—Ü–∏–∏, –∫—Ä–∞–µ–≤, –≥–æ—Ä–æ–¥–æ–≤ –∏ –æ–±–ª–∞—Å—Ç–µ–π –†–æ—Å—Å–∏–∏–∏ –æ –≤–≤–µ–¥–µ–Ω–∏–∏ —Ä–µ–∂–∏–º–∞ –ø–æ–≤—ã—à–µ–Ω–Ω–æ–π –≥–æ—Ç–æ–≤–Ω–æ—Å—Ç–∏, –æ –≤–≤–µ–¥–µ–Ω–∏–∏ –æ–≥—Ä–∞–Ω–∏—á–∏—Ç–µ–ª—å–Ω—ã—Ö –º–µ—Ä –¥–ª—è –∂–∏—Ç–µ–ª–µ–π –∏ —Ä–∞–±–æ—Ç–Ω–∏–∫–æ–≤ –ø—Ä–µ–¥–ø—Ä–∏—è—Ç–∏–π –∏ –æ—Ä–≥–∞–Ω–∏–∑–∞—Ü–∏–π, –æ –¥–æ–±—Ä–æ–≤–æ–ª—å–Ω–æ-–ø—Ä–∏–Ω—É–¥–∏—Ç–µ–ª—å–Ω–æ–π –≤–∞–∫—Ü–∏–Ω–∞—Ü–∏–∏, –æ —Å–æ–±–ª—é–¥–µ–Ω–∏–∏ –º–∞—Å–æ—á–Ω–æ–≥–æ —Ä–µ–∂–∏–º–∞ –∏ –¥—Ä—É–≥–∏—Ö –º–µ—Ä –Ω–µ –∏–º–µ—é—Ç —é—Ä–∏–¥–∏—á–µ—Å–∫–æ–π —Å–∏–ª—ã –∏ –¥–æ–ª–∂–Ω—ã –±—ã—Ç—å –æ—Ç–º–µ–Ω–µ–Ω—ã! –° 1 –º–∞—Ä—Ç–∞ 2022 –≥–æ–¥–∞ –≤—Å–µ —Ä–∞–Ω–µ–µ –∏–∑–¥–∞–Ω–Ω—ã–µ –ø—Ä–∏–∫–∞–∑—ã –¥–∏—Ä–µ–∫—Ç–æ—Ä–æ–≤ –ø—Ä–µ–¥–ø—Ä–∏—è—Ç–∏–π –∏ –æ—Ä–≥–∞–Ω–∏–∑–∞—Ü–∏–π, —Ä—É–∫–∫–æ–≤–æ–¥–∏—Ç–µ–ª–µ–π –ª—é–±—ã—Ö —Å—Ç—Ä—É–∫—Ç—É—Ä, –≤–æ–∏–Ω—Å–∫–∏—Ö —á–∞—Å—Ç–µ–π, –§–°–ë, –ú–í–î –∏ –¥—Ä—É–≥–∏—Ö —Ñ–µ–¥–µ—Ä–∞–ª—å–Ω—ã—Ö —Å—Ç—Ä—É–∫—Ç—É—Ä , —Ä–µ–∫—Ç–æ—Ä–æ–≤ –∏–Ω—Å—Ç–∏—Ç—É—Ç–æ–≤ –∏ —É–Ω–∏–≤–µ—Ä—Å–∏—Ç–µ—Ç–æ–≤, –∑–∞–≤–µ–¥—É—é—â–∏—Ö –¥–µ—Ç—Å–∞–¥–∞–º–∏, –¥–∏—Ä–µ–∫—Ç–æ—Ä–æ–≤ –æ–±—â–µ–æ–±—Ä–∞–∑–æ–≤–∞—Ç–µ–ª—å–Ω—ã—Ö —à–∫–æ–ª –∏ —Ç.–¥. –Ω–µ –∏–º–µ—é—Ç —é—Ä–∏–¥–∏—á–µ—Å–∫–æ–π —Å–∏–ª—ã –∏ –¥–æ–ª–∂–Ω—ã –±—ã—Ç—å –æ—Ç–º–µ–Ω–µ–Ω—ã. –í—Å–µ —Ä–∞–±–æ—Ç–Ω–∏–∫–∏ , —Å–æ—Ç—Ä—É–¥–Ω–∏–∫–∏, —Å–ª—É–∂–∞—â–∏–µ –æ—Ä–≥–∞–Ω–∏–∑–∞—Ü–∏–π –ª—é–±–æ–π —Ñ–æ—Ä–º—ã —Å–æ–±—Å—Ç–≤–µ–Ω–Ω–æ—Å—Ç–∏, –æ—Ç—Å—Ç—Ä–∞–Ω–µ–Ω–Ω—ã–µ –æ—Ç —Ä–∞–±–æ—Ç—ã –±–µ–∑ —Å–æ—Ö—Ä–∞–Ω–µ–Ω–∏—è –∑–∞—Ä–∞–±–æ—Ç–Ω–æ–π –ø–ª–∞—Ç—ã –∑–∞ –æ—Ç–∫–∞–∑ –æ—Ç –≤–∞–∫—Ü–∏–Ω–∞—Ü–∏–∏ –¥–æ–ª–∂–Ω—ã –±—ã—Ç—å –Ω–µ–∑–∞–º–µ–¥–ª–∏—Ç–µ–ª—å–Ω–æ –≤–æ—Å—Å—Ç–∞–Ω–æ–≤–ª–µ–Ω—ã –Ω–∞ —Ä–∞–±–æ—á–∏—Ö –º–µ—Å—Ç–∞—Ö —Å —Å–æ—Ö—Ä–∞–Ω–µ–Ω–∏–µ–º –∏ –≤—ã–ø–ª–∞—Ç–æ–π –∑–∞—Ä–∞–±–æ—Ç–Ω–æ–π –ø–ª–∞—Ç—ã –∏ –∫–æ–º–ø–µ–Ω—Å–∞—Ü–∏–µ–π –Ω–µ –ø–æ–ª—É—á–µ–Ω–Ω–æ–π –∑–∞—Ä–∞–±–æ—Ç–Ω–æ–π –ø–ª–∞—Ç—ã –∑–∞ –ø–µ—Ä–∏–æ–¥ —Å–æ –¥–Ω—è –æ—Ç—Å—Ç—Ä–∞–Ω–µ–Ω–∏—è –ø–æ –¥–µ–Ω—å –≤–æ—Å—Å—Ç–∞–Ω–æ–≤–ª–µ–Ω–∏—è –Ω–∞ —Ä–∞–±–æ—Ç–µ.
 
–î–∞–Ω–Ω—ã–π –ü—Ä–∏–∫–∞–∑ –ú–∏–Ω–∑–¥—Ä–∞–≤–∞ –†–æ—Å—Å–∏–∏ –æ—Ç 21.02.2022 –≥ ‚Ññ 94–Ω —è–≤–ª—è–µ—Ç—Å—è –æ–±—è–∑–∞—Ç–µ–ª—å–Ω—ã–º –¥–ª—è –≤—Å–µ—Ö –¥–æ–ª–∂–Ω–æ—Å—Ç–Ω—ã—Ö –ª–∏—Ü –Ω–æ—Ä–º–∞—Ç–∏–≤–æ-–ø—Ä–∞–≤–æ–≤—ã–º –∞–∫—Ç–æ–º –≤ —Å–æ–æ—Ç–≤–µ—Ç—Å—Ç–≤–∏–∏ —Å –ø.2 –ü–æ—Å—Ç–∞–Ω–æ–≤–ª–µ–Ω–∏—è –ü—Ä–≤–∏—Ç–µ–ª—å—Å—Ç–≤–∞ –†–§ –æ—Ç 13.08.1997 –≥ ‚Ññ1009. –í —Å–æ–æ—Ç–≤–µ—Ç—Å—Ç–≤–∏–∏ —Å –ü–æ—Å—Ç–∞–Ω–æ–≤–ª–µ–Ω–∏–µ–º –ü—Ä–∞–≤–∏—Ç–µ–ª—å—Å—Ç–≤–∞ –†–§ ‚Ññ1009 –≤—Å–µ –Ω–æ—Ä–º–∞—Ç–∏–≤–Ω—ã–µ –∞–∫—Ç—ã —Ä–µ—Å–ø—É–±–ª–∏–∫–∞–Ω—Å–∫–∏—Ö, –∫—Ä–∞–µ–≤—ã—Ö, –≥–æ—Ä–æ–¥—Å–∫–∏—Ö, –æ–±–ª–∞—Å—Ç–Ω—ã—Ö –ø–æ–¥—Ä–∞–∑–¥–µ–ª–µ–Ω–∏–π –†–æ—Å–ø–æ—Ç—Ä–µ–±–Ω–∞–¥–∑–æ—Ä–∞ –Ω–µ —è–≤–ª—è—é—Ç—Å—è –Ω–æ—Ä–º–∞—Ç–∏–≤–Ω—ã–º–∏ –ø—Ä–∞–≤–æ–≤—ã–º–∏ –∞–∫—Ç–∞–º–∏ –∏ –∏—Å–ø–æ–ª–Ω–µ–Ω–∏—é –Ω–µ –ø–æ–¥–ª–µ–∂–∞—Ç! 

–£–≤–∞–∂–∞–µ–º—ã–µ —Å–æ–æ—Ç–µ—á–µ—Å—Ç–≤–µ–Ω–Ω–∏–∫–∏! –ò—Å–ø–æ–ª—å–∑—É–π—Ç–µ –¥–∞–Ω–Ω—É—é –∏–Ω—Ñ–æ—Ä–º–∞—Ü–∏—é –¥–ª—è –∑–∞—â–∏—Ç—ã –∏ –≤–æ—Å—Å—Ç–∞–Ω–æ–≤–ª–µ–Ω–∏—è —Å–≤–æ–∏—Ö –ø—Ä–∞–≤ –∏ –ø—Ä–∞–≤ –¥—Ä—É–≥–∏—Ö –ª—é–¥–µ–π. –†–∞—Å–ø—Ä–æ—Å—Ç—Ä–∞–Ω—è–π—Ç–µ –ü—Ä–∞–≤–¥—É!",1,71,54,929.0
280,2022-08-11 13:00:05,52993,-205669967,-205669967,"üî¥üî¥üî¥ü•≥ü•≥ü•≥üí£üí£üí£USA hlavn√©/mainstream m√©di√°: üëâVakc√≠na proti Covid-19 zabila st√°tis√≠ce Ameriƒçanov. üëâNeuveriteƒæn√©, ≈æe to prich√°dza od Fox News. üî¥üî¥üî¥üëçüëçüëçüëâ@GeneralMCNews",1,56,8,698.0
283,2022-08-11 13:00:02,94700,-59586639,-59586639,"–í –ª–µ—Ç–Ω–µ–º —Ä–µ—Ç—Ä–∏—Ç–µ –∫–æ—Ä–µ–π—Å–∫–æ–π –º–µ–≥–∞—Ü–µ—Ä–∫–≤–∏ –ø—Ä–∏–Ω—è–ª–∏ —É—á–∞—Å—Ç–∏–µ —Ç—ã—Å—è—á–∏ –≤–µ—Ä—É—é—â–∏—Ö 

–í –µ–∂–µ–≥–æ–¥–Ω–æ–º –õ–µ—Ç–Ω–µ–º –†–µ—Ç—Ä–∏—Ç–µ —é–∂–Ω–æ–∫–æ—Ä–µ–π—Å–∫–æ–π –º–µ–≥–∞—Ü–µ—Ä–∫–≤–∏ –ø—Ä–∏–Ω—è–ª–∏ —É—á–∞—Å—Ç–∏–µ —Ç—ã—Å—è—á–∏ —Ö—Ä–∏—Å—Ç–∏–∞–Ω —Å–æ –≤—Å–µ–≥–æ –º–∏—Ä–∞. 
 
–° –ø–µ—Ä–≤–æ–≥–æ –ø–æ —Ç—Ä–µ—Ç—å–µ –∞–≤–≥—É—Å—Ç–∞ –≤ –≥–æ—Ä–æ–¥–µ –í–æ–Ω–¥–∂—É, –ø—Ä–æ–≤–∏–Ω—Ü–∏—è –ì–∞–Ω–≤–æ–Ω-–¥–æ, —Å–æ—Å—Ç–æ—è–ª—Å—è –µ–∂–µ–≥–æ–¥–Ω—ã–π –õ–µ—Ç–Ω–∏–π –†–µ—Ç—Ä–∏—Ç —é–∂–Ω–æ–∫–æ—Ä–µ–π—Å–∫–æ–π –º–µ–≥–∞—Ü–µ—Ä–∫–≤–∏ ¬´–ú–∞–Ω–º–∏–Ω¬ª. –ò–∑-–∑–∞ –ø–∞–Ω–¥–µ–º–∏–∏ Covid-19, —ç—Ç–æ –ø–µ—Ä–≤—ã–π –†–µ—Ç—Ä–∏—Ç, –∫–æ—Ç–æ—Ä—ã–π —Ö—Ä–∏—Å—Ç–∏–∞–Ω—Å–∫–∞—è –æ–±—â–∏–Ω–∞ –ø—Ä–æ–≤–µ–ª–∞ –∑–∞ –ø–æ—Å–ª–µ–¥–Ω–∏–µ —Ç—Ä–∏ –≥–æ–¥–∞
–°–ª—É–∂–µ–Ω–∏—è –∏–∑ –Æ–∂–Ω–æ–π –ö–æ—Ä–µ–∏ —Ç—Ä–∞–Ω—Å–ª–∏—Ä–æ–≤–∞–ª–∏—Å—å –æ–Ω–ª–∞–π–Ω –Ω–∞ —Å–µ–º–∏ —è–∑—ã–∫–∞—Ö: –∞–Ω–≥–ª–∏–π—Å–∫–æ–º, –∏—Å–ø–∞–Ω—Å–∫–æ–º, –∫–æ—Ä–µ–π—Å–∫–æ–º, —è–ø–æ–Ω—Å–∫–æ–º, –∫–∏—Ç–∞–π—Å–∫–æ–º, —Ñ—Ä–∞–Ω—Ü—É–∑—Å–∫–æ–º –∏ —Ä—É—Å—Å–∫–æ–º. 
 
–°—Ä–µ–¥–∏ —É—á–∞—Å—Ç–Ω–∏–∫–æ–≤ –†–µ—Ç—Ä–∏—Ç–∞ –±—ã–ª–∏ —Å–ª—É–∂–∏—Ç–µ–ª–∏, —á–ª–µ–Ω—ã —Ü–µ—Ä–∫–≤–∏ ¬´–ú–∞–Ω–º–∏–Ω¬ª, –∞ —Ç–∞–∫–∂–µ –ø–∞—Å—Ç–æ—Ä—ã, –º–∏—Å—Å–∏–æ–Ω–µ—Ä—ã –∏ –ø—Ä–æ—Å—Ç–æ –≤–µ—Ä—É—é—â–∏–µ –∏–∑ —Ä–∞–∑–Ω—ã—Ö —Å—Ç—Ä–∞–Ω. 
 
 
–õ–µ—Ç–Ω–∏–µ —Ä–µ—Ç—Ä–∏—Ç—ã, —Å–æ–±–∏—Ä–∞—é—â–∏–µ —Ç—ã—Å—è—á–∏ –ª—é–¥–µ–π –Ω–∞ –Ω–µ—Å–∫–æ–ª—å–∫–æ –¥–Ω–µ–π, —Ü–µ—Ä–∫–æ–≤—å –ú–∞–Ω–º–∏–Ω –ø—Ä–æ–≤–æ–¥–∏—Ç —É–∂–µ –Ω–µ –ø–µ—Ä–≤—ã–π –≥–æ–¥. –í 2017 –≥–æ–¥—É –≤ —Å–æ–±—ã—Ç–∏–∏ —É—á–∞—Å—Ç–≤–æ–≤–∞–ª–æ –±–æ–ª–µ–µ 15 000 —á–µ–ª–æ–≤–µ–∫ –∏–∑ 37 —Å—Ç—Ä–∞–Ω. –í–æ –≤—Ä–µ–º—è –ø—Ä–æ–≤–µ–¥–µ–Ω–∏—è —á–∞—Å—Ç–æ –ø—Ä–æ–∏—Å—Ö–æ–¥—è—Ç —á—É–¥–µ—Å–∞.",1,10,0,1745.0
284,2022-08-11 13:00:02,2656833,-47688450,-47688450,"–ù–∞–∑–≤–∞–Ω—ã —Å—Ä–æ–∫–∏ –Ω–æ–≤–æ–π –≤–æ–ª–Ω—ã –∫–æ—Ä–æ–Ω–∞–≤–∏—Ä—É—Å–∞ –≤ –†–æ—Å—Å–∏–∏
 
–í –†–æ—Å—Å–∏–∏ –≤ –∞–≤–≥—É—Å—Ç–µ –Ω–∞—á–Ω–µ—Ç—Å—è –ø–æ–¥—ä–µ–º –∑–∞–±–æ–ª–µ–≤–∞–µ–º–æ—Å—Ç–∏ –∫–æ—Ä–æ–Ω–∞–≤–∏—Ä—É—Å–æ–º, –∞ –∫ —Å–µ–Ω—Ç—è–±—Ä—é ‚Äî —Å–ø–∞–¥. –¢–∞–∫–∏–µ —Å—Ä–æ–∫–∏ –Ω–æ–≤–æ–π –≤–æ–ª–Ω—ã COVID-19 –≤ —Ä–∞–∑–≥–æ–≤–æ—Ä–µ —Å ¬´–õ–µ–Ω—Ç–æ–π.—Ä—É¬ª –Ω–∞–∑–≤–∞–ª–∞ –¥–æ–∫—Ç–æ—Ä –±–∏–æ–ª–æ–≥–∏—á–µ—Å–∫–∏—Ö –Ω–∞—É–∫, –ø—Ä–æ—Ñ–µ—Å—Å–æ—Ä –®–∫–æ–ª—ã —Å–∏—Å—Ç–µ–º–Ω–æ–π –±–∏–æ–ª–æ–≥–∏–∏ –£–Ω–∏–≤–µ—Ä—Å–∏—Ç–µ—Ç–∞ –î–∂–æ—Ä–¥–∂–∞ –ú–µ–π—Å–æ–Ω–∞ (–í–∏—Ä–¥–∂–∏–Ω–∏—è, –°–®–ê) –ê–Ω—á–∞ –ë–∞—Ä–∞–Ω–æ–≤–∞.

–û–Ω–∞ –∑–∞—è–≤–∏–ª–∞, —á—Ç–æ —Å–æ–±—ã—Ç–∏—è –±—É–¥—É—Ç —Ä–∞–∑–≤–∏–≤–∞—Ç—å—Å—è –ø–æ —Ç–æ–º—É –∂–µ —Å—Ü–µ–Ω–∞—Ä–∏—é, –∫–æ—Ç–æ—Ä—ã–π —É–∂–µ –∏–º–µ–ª –º–µ—Å—Ç–æ –≤ –Æ–∂–Ω–æ–π –ê—Ñ—Ä–∏–∫–µ, –∞ –∑–∞—Ç–µ–º –≤ –°–®–ê –∏ –ï–≤—Ä–æ–ø–µ. 
 
–ü—Ä–æ—Ñ–µ—Å—Å–æ—Ä –æ–±—ä—è—Å–Ω–∏–ª–∞, —á—Ç–æ –æ—á–µ—Ä–µ–¥–Ω–∞—è –≤–æ–ª–Ω–∞ –∫–æ—Ä–æ–Ω–∞–≤–∏—Ä—É—Å–∞ –≤ –º–∏—Ä–µ –≤—ã–∑–≤–∞–Ω–∞ –æ–º–∏–∫—Ä–æ–Ω–æ–º B.A.5, –∫–æ—Ç–æ—Ä—ã–π –Ω–∞–∑—ã–≤–∞—é—Ç ¬´–Ω–∏–Ω–¥–∑—è¬ª, –æ–¥–Ω–∞–∫–æ –µ–µ –≥—Ä–µ–±–µ–Ω—å —É–∂–µ —Ç–æ—á–Ω–æ –ø—Ä–æ–π–¥–µ–Ω –∏ –æ–Ω–∞ –∏–¥–µ—Ç –Ω–∞ —Å–ø–∞–¥.

–ë–∞—Ä–∞–Ω–æ–≤–∞ –¥–æ–±–∞–≤–∏–ª–∞, —á—Ç–æ —Ç—Ä–∞–¥–∏—Ü–∏–æ–Ω–Ω–æ –†–æ—Å—Å–∏—è –æ—Ç—Å—Ç–∞–≤–∞–ª–∞ –æ—Ç –ï–≤—Ä–æ–ø—ã –≤ —Å—Ä–µ–¥–Ω–µ–º –Ω–∞ –¥–≤–µ-—Ç—Ä–∏ –Ω–µ–¥–µ–ª–∏ –ø–æ –≤—Ä–µ–º–µ–Ω–∏ –Ω–∞—á–∞–ª–∞ –∫–∞–∂–¥–æ–≥–æ –ø–∏–∫–∞ –∫–æ—Ä–æ–Ω–∞–≤–∏—Ä—É—Å–Ω–æ–π —ç–ø–∏–¥–µ–º–∏–∏. –°–µ–π—á–∞—Å —ç—Ç–æ—Ç –∏–Ω—Ç–µ—Ä–≤–∞–ª —É–≤–µ–ª–∏—á–∏–ª—Å—è –µ—â–µ –±–æ–ª—å—à–µ, –±–ª–∞–≥–æ–¥–∞—Ä—è —á–µ–º—É –º–æ–∂–Ω–æ –ø–æ–¥–≥–æ—Ç–æ–≤–∏—Ç—å—Å—è –∏ –æ—Ü–µ–Ω–∏—Ç—å –æ–ø—ã—Ç —Å–æ—Å–µ–¥–µ–π, —Å—á–∏—Ç–∞–µ—Ç –æ–Ω–∞. 
 
29 –∏—é–ª—è –¥–æ–∫—Ç–æ—Ä –º–µ–¥–∏—Ü–∏–Ω—Å–∫–∏—Ö –Ω–∞—É–∫, –ø—Ä–æ—Ñ–µ—Å—Å–æ—Ä –∏ –≥–ª–∞–≤–Ω—ã–π –Ω–∞—É—á–Ω—ã–π —Å–æ—Ç—Ä—É–¥–Ω–∏–∫ –ù–ò–¶ —ç–ø–∏–¥–µ–º–∏–æ–ª–æ–≥–∏–∏ –∏ –º–∏–∫—Ä–æ–±–∏–æ–ª–æ–≥–∏–∏ –∏–º–µ–Ω–∏ –ì–∞–º–∞–ª–µ–∏ –ê–Ω–∞—Ç–æ–ª–∏–π –ê–ª—å—Ç—à—Ç–µ–π–Ω –ø—Ä–∏–∑–≤–∞–ª —Ä–æ—Å—Å–∏—è–Ω –Ω–æ—Å–∏—Ç—å –º–∞—Å–∫–∏ –∏ –≤–∞–∫—Ü–∏–Ω–∏—Ä–æ–≤–∞—Ç—å—Å—è –≤ —Å–≤—è–∑–∏ —Å –Ω–∞—á–∞–ª–æ–º –Ω–æ–≤–æ–π –≤–æ–ª–Ω—ã COVID-19 –¥–∞–∂–µ –±–µ–∑ —Ä–∞—Å–ø–æ—Ä—è–∂–µ–Ω–∏—è –≤–ª–∞—Å—Ç–µ–π. –ü–æ –µ–≥–æ —Å–ª–æ–≤–∞–º, –∑–∞–±–æ–ª–µ–≤–∞–µ–º–æ—Å—Ç—å –≤ –∫–æ–Ω—Ü–µ –ª–µ—Ç–∞-–Ω–∞—á–∞–ª–µ —Å–µ–Ω—Ç—è–±—Ä—è –±—É–¥–µ—Ç —Å–æ–æ—Ç–≤–µ—Ç—Å—Ç–≤–æ–≤–∞—Ç—å –ø–æ–∫–∞–∑–∞—Ç–µ–ª—è–º –Ω–∞—á–∞–ª–∞ 2022 –≥–æ–¥–∞, –∫–æ–≥–¥–∞ –≤–æ –≤—Å–µ–º –º–∏—Ä–µ —Ñ–∏–∫—Å–∏—Ä–æ–≤–∞–ª–∏ –±–æ–ª–µ–µ 3 –º–∏–ª–ª–∏–æ–Ω–æ–≤ –∑–∞—Ä–∞–∂–µ–Ω–∏–π.

–ò—Å—Ç–æ—á–Ω–∏–∫: lenta.ru",6,3,0,5622.0
285,2022-08-11 13:00:02,11395,-205805412,-205805412,"–ö–∏–º –ß–µ–Ω –´–Ω –æ–±—ä—è–≤–∏–ª, —á—Ç–æ –≤ –ö–ù–î–† –∫–æ—Ä–æ–Ω–∞–≤–∏—Ä—É—Å –ø–æ–±–µ–∂–¥—ë–Ω 

–ö–æ—Ä–æ–Ω–∞–≤–∏—Ä—É—Å–Ω–∞—è –∏–Ω—Ñ–µ–∫—Ü–∏—è –≤ –ö–ù–î–† –ø–æ–±–µ–∂–¥–µ–Ω–∞. –û–± —ç—Ç–æ–º –æ–±—ä—è–≤–∏–ª –ª–∏–¥–µ—Ä —Ä–µ—Å–ø—É–±–ª–∏–∫–∏ –ö–∏–º –ß–µ–Ω –´–Ω –≤ —Ö–æ–¥–µ –∑–∞—Å–µ–¥–∞–Ω–∏—è –ø–æ –ø—Ä–æ—Ç–∏–≤–æ—ç–ø–∏–¥–µ–º–∏—á–µ—Å–∫–∏–º –º–µ—Ä–∞–º, —Å–æ–æ–±—â–∞–µ—Ç –∞–≥–µ–Ω—Ç—Å—Ç–≤–æ Yonhap, —Å—Å—ã–ª–∞—è—Å—å –Ω–∞ –¶–µ–Ω—Ç—Ä–∞–ª—å–Ω–æ–µ —Ç–µ–ª–µ–≥—Ä–∞—Ñ–Ω–æ–µ –∞–≥–µ–Ω—Ç—Å—Ç–≤–æ –ö–æ—Ä–µ–∏ (–¶–¢–ê–ö). 
 
¬´–û–Ω —Ç–æ—Ä–∂–µ—Å—Ç–≤–µ–Ω–Ω–æ –æ–±—ä—è–≤–∏–ª –æ –ø–æ–±–µ–¥–µ –≤ –∫—Ä–∞–π–Ω–µ —á—Ä–µ–∑–≤—ã—á–∞–π–Ω–æ–π –ø—Ä–æ—Ç–∏–≤–æ—ç–ø–∏–¥–µ–º–∏—á–µ—Å–∫–æ–π –∫–∞–º–ø–∞–Ω–∏–∏ –ø–æ —É–Ω–∏—á—Ç–æ–∂–µ–Ω–∏—é –Ω–æ–≤–æ–≥–æ –∫–æ—Ä–æ–Ω–∞–≤–∏—Ä—É—Å–∞ <...>¬ª, ‚Äì –ø–µ—Ä–µ–¥–∞—ë—Ç Yonhap. 
 
–ò–∑–≤–µ—Å—Ç–Ω–æ, —á—Ç–æ –≤ –ö–ù–î–† —Å –∫–æ–Ω—Ü–∞ –∞–ø—Ä–µ–ª—è –≤—ã—è–≤–∏–ª–∏ —Å–≤—ã—à–µ 4,77 –º–ª–Ω —á–µ–ª–æ–≤–µ–∫, –∫–æ—Ç–æ—Ä—ã–µ –∑–∞–±–æ–ª–µ–ª–∏ –ª–∏—Ö–æ—Ä–∞–¥–∫–æ–π –≤ —Å–≤—è–∑–∏ —Å —Ä–∞—Å–ø—Ä–æ—Å—Ç—Ä–∞–Ω–µ–Ω–∏–µ–º –≤–∏—Ä—É—Å–∞ COVID-19. –ò–∑ –Ω–∏—Ö 99,99% –ø–æ—Å–ª–µ –ª–µ—á–µ–Ω–∏—è –ø–æ–ø—Ä–∞–≤–∏–ª–∏—Å—å. –ü—Ä–∏ —ç—Ç–æ–º, —Å–æ–≥–ª–∞—Å–Ω–æ –ø–æ—Å–ª–µ–¥–Ω–∏–º –¥–∞–Ω–Ω—ã–º, —Å–∫–æ–Ω—á–∞–ª–∏—Å—å –Ω–∞ —Ñ–æ–Ω–µ –∑–∞—Ä–∞–∂–µ–Ω–∏—è 74 –ø–∞—Ü–∏–µ–Ω—Ç–∞. 
 
–í –∫–æ–Ω—Ü–µ –∏—é–ª—è –ö–∏–º –ß–µ–Ω –´–Ω –∑–∞—è–≤–∏–ª, —á—Ç–æ —Ä–µ—Å–ø—É–±–ª–∏–∫–∞ –≥–æ—Ç–æ–≤–∞ –∫ –ª—é–±—ã–º –≤–æ–µ–Ω–Ω—ã–º —Å—Ç–æ–ª–∫–Ω–æ–≤–µ–Ω–∏—è–º —Å –°–æ–µ–¥–∏–Ω—ë–Ω–Ω—ã–º–∏ –®—Ç–∞—Ç–∞–º–∏. –ü–æ –µ–≥–æ —Å–ª–æ–≤–∞–º, –í–∞—à–∏–Ω–≥—Ç–æ–Ω –≤–µ–¥—ë—Ç —Å–µ–±—è –ø—Ä–æ–≤–æ–∫–∞—Ü–∏–æ–Ω–Ω–æ –∏ ¬´–±–∞–Ω–¥–∏—Ç—Å–∫–∏¬ª –æ–±–≤–∏–Ω—è–µ—Ç –≤ —Ç–æ–º –∂–µ –ö–ù–î–†.

[club205805412|@absatzmedia]",1,49,0,813.0
288,2022-08-11 13:00:01,263037,-134587352,-134587352,"üíâ –í—ã–∂–∏–≤—É—Ç —Ç–æ–ª—å–∫–æ –≤–∞–∫—Ü–∏–Ω–∏—Ä–æ–≤–∞–Ω–Ω—ã–µ: –∫–æ—Ä–æ–Ω–∞–≤–∏—Ä—É—Å –≤–æ–∑–≤—Ä–∞—â–∞–µ—Ç—Å—è –≤–æ –í—Å–µ–≤–æ–ª–æ–∂—Å–∫–∏–π —Ä–∞–π–æ–Ω –∏ –õ–µ–Ω–æ–±–ª–∞—Å—Ç—å

–ó–∞ —Å—É—Ç–∫–∏ –≤ –õ–µ–Ω–∏–Ω–≥—Ä–∞–¥—Å–∫–æ–π –æ–±–ª–∞—Å—Ç–∏ –∑–∞—Ñ–∏–∫—Å–∏—Ä–æ–≤–∞–Ω–æ 525 —Å–ª—É—á–∞–µ–≤ –∑–∞—Ä–∞–∂–µ–Ω–∏—è COVID-19. –ò–∑ –Ω–∏—Ö 162 ‚Äî –≤–æ –í—Å–µ–≤–æ–ª–æ–∂—Å–∫–æ–º —Ä–∞–π–æ–Ω–µ. 

–ó–Ω–∞—á–∏—Ç —ç—Ç–æ —Ç–æ–ª—å–∫–æ –æ–¥–Ω–æ ‚Äî –∫–æ—Ä–æ–Ω–∞–≤–∏—Ä—É—Å, –∫–∞–∂–µ—Ç—Å—è, –≤–æ–∑–≤—Ä–∞—â–∞–µ—Ç—Å—è. –í —ç—Ç–æ—Ç —Ä–∞–∑ –º—ã, –∫–æ–Ω–µ—á–Ω–æ, –µ–≥–æ —É–∂–µ –Ω–µ –±–æ–∏–º—Å—è: –º–µ—Ö–∞–Ω–∏–∑–º—ã –ø—Ä–µ–¥–æ—Ç–≤—Ä–∞—â–µ–Ω–∏—è –∑–∞—Ä–∞–∂–µ–Ω–∏—è –æ—Ç—Ä–∞–±–æ—Ç–∞–Ω—ã, –≤–∞–∫—Ü–∏–Ω—ã –Ω–∞ –ª—é–±–æ–π –≤–∫—É—Å –µ—Å—Ç—å, —Å –º–∞—Å–∫–∞–º–∏ –¥–µ—Ñ–∏—Ü–∏—Ç–∞ –Ω–µ—Ç. 

ü§ï –û–±—è–∑–∞—Ç–µ–ª—å–Ω–æ–µ –Ω–æ—à–µ–Ω–∏–µ –ø–æ—Å–ª–µ–¥–Ω–∏—Ö –Ω–∞ –ø—Ä–æ—à–ª–æ–π –Ω–µ–¥–µ–ª–µ –≤–µ—Ä–Ω—É–ª–∏ –¥–ª—è –ø–æ—Å–µ—Ç–∏—Ç–µ–ª–µ–π –º–µ–¥—É—á—Ä–µ–∂–¥–µ–Ω–∏–π (–ø–µ—Ä—Å–æ–Ω–∞–ª –∏ —Ç–∞–∫ –≤ –Ω–∏—Ö —Ö–æ–¥–∏—Ç) –∏ –¥–ª—è —Å–æ—Ç—Ä—É–¥–Ω–∏–∫–æ–≤ –æ—Ä–≥–∞–Ω–æ–≤ —Å–æ—Ü–∑–∞—â–∏—Ç—ã. –ù–æ –≥–ª–∞–≤–Ω–æ–µ –≤ –Ω—ã–Ω–µ—à–Ω–µ–π —Å–∏—Ç—É–∞—Ü–∏–∏, –∫–æ–Ω–µ—á–Ω–æ, –≤–∞–∫—Ü–∏–Ω–∞—Ü–∏—è, –∞ —Ç–æ—á–Ω–µ–µ —Ä–µ–≤–∞–∫—Ü–∏–Ω–∞—Ü–∏—è. 

–†—É–∫–æ–≤–æ–¥–∏—Ç–µ–ª—å –æ–±–ª–∞—Å—Ç–Ω–æ–≥–æ –†–æ—Å–ø–æ—Ç—Ä–µ–±–Ω–∞–¥–∑–æ—Ä–∞ –û–ª—å–≥–∞ –ò—Å—Ç–æ—Ä–∏–∫ –ø–æ—Å–æ–≤–µ—Ç–æ–≤–∞–ª–∞ –ª–µ–Ω–∏–Ω–≥—Ä–∞–¥—Ü–∞–º —Ä–µ–≤–∞–∫—Ü–∏–Ω–∏—Ä–æ–≤–∞—Ç—å—Å—è –∏–º–µ–Ω–Ω–æ –≤ –∞–≤–≥—É—Å—Ç–µ, —á—Ç–æ–±—ã –æ—Ä–≥–∞–Ω–∏–∑–º —É—Å–ø–µ–ª –æ—Ç–¥–æ—Ö–Ω—É—Ç—å –ø–µ—Ä–µ–¥ —Å–µ–∑–æ–Ω–æ–º —Ö–æ–ª–æ–¥–æ–≤. –î–∞ –∏ –∑–∞–±–æ–ª–µ–≤–∞–µ–º–æ—Å—Ç—å COVID-19, –∫–∞–∫ –≤–∏–¥–∏—Ç–µ, —Ä–∞—Å—Ç—ë—Ç. –û–Ω–æ –≤–∞–º –Ω–∞–¥–æ, —Ç–µ–º–ø–µ—Ä–∞—Ç—É—Ä–∏—Ç—å, –∫–∞—à–ª—è—Ç—å, –Ω–µ —á—É–≤—Å—Ç–≤–æ–≤–∞—Ç—å –∑–∞–ø–∞—Ö –∫–æ—Ñ–µ? –î–∞ –∏ –æ—Å–ª–æ–∂–Ω–µ–Ω–∏—è –Ω–∏–∫—Ç–æ –Ω–µ –æ—Ç–º–µ–Ω—è–ª ‚Äî –≤–∏—Ä—É—Å –≤–µ–¥—å –Ω–µ —à—É—Ç–∫–∞, –≤ —á—ë–º –º—ã —Å –≤–∞–º–∏ —É–∂–µ —É—Å–ø–µ–ª–∏ —É–±–µ–¥–∏—Ç—å—Å—è –∑–∞ –¥–≤–∞ —Å –ª–∏—à–Ω–∏–º –≥–æ–¥–∞. 

–£–≤–µ—Ä–µ–Ω—ã, –Ω–∏–∫—Ç–æ –Ω–µ —Ö–æ—á–µ—Ç –ø–æ–ø–∞—Å—Ç—å –Ω–∞ –∑–æ–Ω—É, –∞ –æ—Å–æ–±–µ–Ω–Ω–æ –Ω–∞ ¬´–∫—Ä–∞—Å–Ω—É—é¬ª. –°–∏—Å—Ç–µ–º–∞ –∑–¥—Ä–∞–≤–æ–æ—Ö—Ä–∞–Ω–µ–Ω–∏—è —Ä–µ–≥–∏–æ–Ω–∞, –∫–æ–Ω–µ—á–Ω–æ, —Å–ø—Ä–∞–≤–∏—Ç—Å—è, –∫–æ–π–∫–∏ –µ—Å—Ç—å, –≤—Å–µ—Ö –ø—Ä–∏–º—É—Ç. –ê –≤–∞—à –æ—Ä–≥–∞–Ω–∏–∑–º —Ö–æ—á–µ—Ç —Å—ã–≥—Ä–∞—Ç—å –≤ —Ä—É—Å—Å–∫—É—é —Ä—É–ª–µ—Ç–∫—É? –ù–µ —É–≤–µ—Ä–µ–Ω—ã. –ü–æ—ç—Ç–æ–º—É –ª—É—á—à–µ –ø–æ–π—Ç–∏ –≤ –±–ª–∏–∂–∞–π—à–µ–µ –º–µ–¥—É—á—Ä–µ–∂–¥–µ–Ω–∏–µ –∏ –≤–∞–∫—Ü–∏–Ω–∏—Ä–æ–≤–∞—Ç—å—Å—è. –ú—ã –≤—Å–µ–π —Ä–µ–¥–∞–∫—Ü–∏–µ–π —Ç–∞–∫ –∏ —Å–¥–µ–ª–∞–ª–∏.",183,240,126,25739.0
289,2022-08-11 13:00:01,2629321,-66833222,-66833222,"–ù–µ —Å–æ–º–Ω–µ–≤–∞–π—Å—è ‚Äî –ø—Ä–∏–≤–∏–≤–∞–π—Å—è –æ—Ç COVID-19 
 
–£–í–ê–ñ–ê–ï–ú–´–ï –ñ–ò–¢–ï–õ–ò –ì–û–†–û–î–ê! –í –ì–æ—Ä–ª–æ–≤–∫–µ –ø—Ä–æ–¥–æ–ª–∂–∞–µ—Ç—Å—è –ø—Ä–∏–≤–∏–≤–æ—á–Ω–∞—è –∫–∞–º–ø–∞–Ω–∏—è –ø—Ä–æ—Ç–∏–≤ COVID-19 –Ω–∞ –±–∞–∑–µ –ø—Ä–∏–≤–∏–≤–æ—á–Ω—ã—Ö –ø—É–Ω–∫—Ç–æ–≤: 
‚Äî –ì–ë–£ ¬´–¶–ü–ú–°–ü ‚Ññ 2 –≥. –ì–æ—Ä–ª–æ–≤–∫–∞¬ª –∞–º–±—É–ª–∞—Ç–æ—Ä–∏—è ‚Ññ 1, –ø—Ä. –õ–µ–Ω–∏–Ω–∞, 26, –∫–∞–±–∏–Ω–µ—Ç ‚Ññ 24, —Ç–µ–ª. –¥–ª—è —Å–ø—Ä–∞–≤–æ–∫: 4-40-32. 
 
–ì—Ä–∞—Ñ–∏–∫ —Ä–∞–±–æ—Ç—ã –ø—É–Ω–∫—Ç–∞: 
–ü–æ–Ω–µ–¥–µ–ª—å–Ω–∏–∫ ‚Äì –ø—è—Ç–Ω–∏—Ü–∞ 08:00 ‚Äì 14:00, 
–°—É–±–±–æ—Ç–∞ 08:00 ‚Äì 12:00. 
 
‚Äî –ì–ë–£ ¬´–ì–æ—Ä–æ–¥—Å–∫–∞—è –±–æ–ª—å–Ω–∏—Ü–∞ ‚Ññ 3 –≥. –ì–æ—Ä–ª–æ–≤–∫–∞¬ª, –ø–æ–ª–∏–∫–ª–∏–Ω–∏–∫–∞ ‚Ññ 2, —É–ª. –ü–æ–ª–∏—Ç–µ—Ö–Ω–∏—á–µ—Å–∫–∞—è, 39, –∫–∞–±–∏–Ω–µ—Ç ‚Ññ1, —Ç–µ–ª. –¥–ª—è —Å–ø—Ä–∞–≤–æ–∫: 4-41-63, 071 365 94 72. 
 
–ì—Ä–∞—Ñ–∏–∫ —Ä–∞–±–æ—Ç—ã –ø—É–Ω–∫—Ç–∞: 
–ü–æ–Ω–µ–¥–µ–ª—å–Ω–∏–∫ ‚Äì –ø—è—Ç–Ω–∏—Ü–∞ 08:00 ‚Äì 15:00, 
–°—É–±–±–æ—Ç–∞ 08:00 ‚Äì 14:00. 
 
–ñ–µ–ª–∞—é—â–∏–º –ø—Ä–∏–≤–∏—Ç—å—Å—è –∏–ª–∏ —Ä–µ–≤–∞–∫—Ü–∏–Ω–∏—Ä–æ–≤–∞—Ç—å—Å—è –Ω–µ–æ–±—Ö–æ–¥–∏–º–æ –∏–º–µ—Ç—å –ø—Ä–∏ —Å–µ–±–µ –ø–∞—Å–ø–æ—Ä—Ç, –ø—Ä–µ–¥—ã–¥—É—â–∏–π QR-–∫–æ–¥. 
 
–ù–∞–ø–æ–º–∏–Ω–∞–µ–º, —á—Ç–æ –≤–∞–∫—Ü–∏–Ω–∞—Ü–∏—è –æ—Å—Ç–∞–µ—Ç—Å—è —Å–∞–º—ã–º –Ω–∞–¥–µ–∂–Ω—ã–º —Å–ø–æ—Å–æ–±–æ–º –±–æ—Ä—å–±—ã —Å —Ä–∞—Å–ø—Ä–æ—Å—Ç—Ä–∞–Ω–µ–Ω–∏–µ–º –∏–Ω—Ñ–µ–∫—Ü–∏–∏ COVID-19. –ü–æ—Å–ª–µ–¥—Å—Ç–≤–∏—è –∫–æ—Ä–æ–Ω–∞–≤–∏—Ä—É—Å–∞ –º–æ–≥—É—Ç –±—ã—Ç—å –æ—á–µ–Ω—å —Å–µ—Ä—å–µ–∑–Ω—ã–º–∏, –æ—Å–æ–±–µ–Ω–Ω–æ —É –ª—é–¥–µ–π —Å —Ö—Ä–æ–Ω–∏—á–µ—Å–∫–∏–º–∏ –∑–∞–±–æ–ª–µ–≤–∞–Ω–∏—è–º–∏. 
–í–∞–∫—Ü–∏–Ω–∞—Ü–∏–∏ –∏–ª–∏ –ø–æ–≤—Ç–æ—Ä–Ω–æ–π –≤–∞–∫—Ü–∏–Ω–∞—Ü–∏–∏ –ø—Ä–æ—Ç–∏–≤ –∫–æ—Ä–æ–Ω–∞–≤–∏—Ä—É—Å–Ω–æ–π –∏–Ω—Ñ–µ–∫—Ü–∏–∏ –ø–æ–¥–ª–µ–∂–∏—Ç –≤–∑—Ä–æ—Å–ª–æ–µ –Ω–∞—Å–µ–ª–µ–Ω–∏–µ –æ—Ç 18 –ª–µ—Ç –∏ —Å—Ç–∞—Ä—à–µ.",30,9,6,10934.0
295,2022-08-11 13:00:01,1735168,-9516317,-9516317,"–ú–∏–Ω–∑–¥—Ä–∞–≤ –∑–∞—è–≤–∏–ª –æ –Ω–µ—Å—Ç–∞–±–∏–ª—å–Ω–æ–π —ç–ø–∏–¥—Å–∏—Ç—É–∞—Ü–∏–∏ –ø–æ COVID-19 –≤ –ö—Ä—ã–º—É

 –≠–ø–∏–¥–æ–±—Å—Ç–∞–Ω–æ–≤–∫–∞ –ø–æ COVID-19 –≤ –ö—Ä—ã–º—É –Ω–µ—Å—Ç–∞–±–∏–ª—å–Ω–∞—è, –∂–∏—Ç–µ–ª—è–º –∏ –≥–æ—Å—Ç—è–º –ø–æ–ª—É–æ—Å—Ç—Ä–æ–≤–∞ —Ä–µ–∫–æ–º–µ–Ω–¥—É—é—Ç –Ω–æ—Å–∏—Ç—å –≤ –º–µ—Å—Ç–∞—Ö –º–∞—Å—Å–æ–≤–æ–≥–æ —Å–∫–æ–ø–ª–µ–Ω–∏—è –ª—é–¥–µ–π —Å—Ä–µ–¥—Å—Ç–≤–∞ –∏–Ω–¥–∏–≤–∏–¥—É–∞–ª—å–Ω–æ–π –∑–∞—â–∏—Ç—ã. –û–± —ç—Ç–æ–º —Å–æ–æ–±—â–∏–ª–∏ –≤ –ø—Ä–µ—Å—Å-—Å–ª—É–∂–±–µ –º–∏–Ω–∑–¥—Ä–∞–≤–∞ —Ä–µ–≥–∏–æ–Ω–∞.

vk.com/@relax_crimea-minzdrav-zayavil-o-nestabilnoi-epidsituacii-po-covid-19-v-kr",5,3,0,2220.0
